Date_ID,Full_Date,Day_Number,Day_Name,Week_Number,Month_Number,Month_Name,Quarter_Number,Quarter_Name,Year_Number
1,2023-01-01,1,Sunday,52,1,January,1,Q1,2023
2,2023-01-02,2,Monday,1,1,January,1,Q1,2023
3,2023-01-03,3,Tuesday,1,1,January,1,Q1,2023
4,2023-01-04,4,Wednesday,1,1,January,1,Q1,2023
5,2023-01-05,5,Thursday,1,1,January,1,Q1,2023
6,2023-01-06,6,Friday,1,1,January,1,Q1,2023
7,2023-01-07,7,Saturday,1,1,January,1,Q1,2023
8,2023-01-08,8,Sunday,1,1,January,1,Q1,2023
9,2023-01-09,9,Monday,2,1,January,1,Q1,2023
10,2023-01-10,10,Tuesday,2,1,January,1,Q1,2023
11,2023-01-11,11,Wednesday,2,1,January,1,Q1,2023
12,2023-01-12,12,Thursday,2,1,January,1,Q1,2023
13,2023-01-13,13,Friday,2,1,January,1,Q1,2023
14,2023-01-14,14,Saturday,2,1,January,1,Q1,2023
15,2023-01-15,15,Sunday,2,1,January,1,Q1,2023
16,2023-01-16,16,Monday,3,1,January,1,Q1,2023
17,2023-01-17,17,Tuesday,3,1,January,1,Q1,2023
18,2023-01-18,18,Wednesday,3,1,January,1,Q1,2023
19,2023-01-19,19,Thursday,3,1,January,1,Q1,2023
20,2023-01-20,20,Friday,3,1,January,1,Q1,2023
21,2023-01-21,21,Saturday,3,1,January,1,Q1,2023
22,2023-01-22,22,Sunday,3,1,January,1,Q1,2023
23,2023-01-23,23,Monday,4,1,January,1,Q1,2023
24,2023-01-24,24,Tuesday,4,1,January,1,Q1,2023
25,2023-01-25,25,Wednesday,4,1,January,1,Q1,2023
26,2023-01-26,26,Thursday,4,1,January,1,Q1,2023
27,2023-01-27,27,Friday,4,1,January,1,Q1,2023
28,2023-01-28,28,Saturday,4,1,January,1,Q1,2023
29,2023-01-29,29,Sunday,4,1,January,1,Q1,2023
30,2023-01-30,30,Monday,5,1,January,1,Q1,2023
31,2023-01-31,31,Tuesday,5,1,January,1,Q1,2023
32,2023-02-01,1,Wednesday,5,2,February,1,Q1,2023
33,2023-02-02,2,Thursday,5,2,February,1,Q1,2023
34,2023-02-03,3,Friday,5,2,February,1,Q1,2023
35,2023-02-04,4,Saturday,5,2,February,1,Q1,2023
36,2023-02-05,5,Sunday,5,2,February,1,Q1,2023
37,2023-02-06,6,Monday,6,2,February,1,Q1,2023
38,2023-02-07,7,Tuesday,6,2,February,1,Q1,2023
39,2023-02-08,8,Wednesday,6,2,February,1,Q1,2023
40,2023-02-09,9,Thursday,6,2,February,1,Q1,2023
41,2023-02-10,10,Friday,6,2,February,1,Q1,2023
42,2023-02-11,11,Saturday,6,2,February,1,Q1,2023
43,2023-02-12,12,Sunday,6,2,February,1,Q1,2023
44,2023-02-13,13,Monday,7,2,February,1,Q1,2023
45,2023-02-14,14,Tuesday,7,2,February,1,Q1,2023
46,2023-02-15,15,Wednesday,7,2,February,1,Q1,2023
47,2023-02-16,16,Thursday,7,2,February,1,Q1,2023
48,2023-02-17,17,Friday,7,2,February,1,Q1,2023
49,2023-02-18,18,Saturday,7,2,February,1,Q1,2023
50,2023-02-19,19,Sunday,7,2,February,1,Q1,2023
51,2023-02-20,20,Monday,8,2,February,1,Q1,2023
52,2023-02-21,21,Tuesday,8,2,February,1,Q1,2023
53,2023-02-22,22,Wednesday,8,2,February,1,Q1,2023
54,2023-02-23,23,Thursday,8,2,February,1,Q1,2023
55,2023-02-24,24,Friday,8,2,February,1,Q1,2023
56,2023-02-25,25,Saturday,8,2,February,1,Q1,2023
57,2023-02-26,26,Sunday,8,2,February,1,Q1,2023
58,2023-02-27,27,Monday,9,2,February,1,Q1,2023
59,2023-02-28,28,Tuesday,9,2,February,1,Q1,2023
60,2023-03-01,1,Wednesday,9,3,March,1,Q1,2023
61,2023-03-02,2,Thursday,9,3,March,1,Q1,2023
62,2023-03-03,3,Friday,9,3,March,1,Q1,2023
63,2023-03-04,4,Saturday,9,3,March,1,Q1,2023
64,2023-03-05,5,Sunday,9,3,March,1,Q1,2023
65,2023-03-06,6,Monday,10,3,March,1,Q1,2023
66,2023-03-07,7,Tuesday,10,3,March,1,Q1,2023
67,2023-03-08,8,Wednesday,10,3,March,1,Q1,2023
68,2023-03-09,9,Thursday,10,3,March,1,Q1,2023
69,2023-03-10,10,Friday,10,3,March,1,Q1,2023
70,2023-03-11,11,Saturday,10,3,March,1,Q1,2023
71,2023-03-12,12,Sunday,10,3,March,1,Q1,2023
72,2023-03-13,13,Monday,11,3,March,1,Q1,2023
73,2023-03-14,14,Tuesday,11,3,March,1,Q1,2023
74,2023-03-15,15,Wednesday,11,3,March,1,Q1,2023
75,2023-03-16,16,Thursday,11,3,March,1,Q1,2023
76,2023-03-17,17,Friday,11,3,March,1,Q1,2023
77,2023-03-18,18,Saturday,11,3,March,1,Q1,2023
78,2023-03-19,19,Sunday,11,3,March,1,Q1,2023
79,2023-03-20,20,Monday,12,3,March,1,Q1,2023
80,2023-03-21,21,Tuesday,12,3,March,1,Q1,2023
81,2023-03-22,22,Wednesday,12,3,March,1,Q1,2023
82,2023-03-23,23,Thursday,12,3,March,1,Q1,2023
83,2023-03-24,24,Friday,12,3,March,1,Q1,2023
84,2023-03-25,25,Saturday,12,3,March,1,Q1,2023
85,2023-03-26,26,Sunday,12,3,March,1,Q1,2023
86,2023-03-27,27,Monday,13,3,March,1,Q1,2023
87,2023-03-28,28,Tuesday,13,3,March,1,Q1,2023
88,2023-03-29,29,Wednesday,13,3,March,1,Q1,2023
89,2023-03-30,30,Thursday,13,3,March,1,Q1,2023
90,2023-03-31,31,Friday,13,3,March,1,Q1,2023
91,2023-04-01,1,Saturday,13,4,April,2,Q2,2023
92,2023-04-02,2,Sunday,13,4,April,2,Q2,2023
93,2023-04-03,3,Monday,14,4,April,2,Q2,2023
94,2023-04-04,4,Tuesday,14,4,April,2,Q2,2023
95,2023-04-05,5,Wednesday,14,4,April,2,Q2,2023
96,2023-04-06,6,Thursday,14,4,April,2,Q2,2023
97,2023-04-07,7,Friday,14,4,April,2,Q2,2023
98,2023-04-08,8,Saturday,14,4,April,2,Q2,2023
99,2023-04-09,9,Sunday,14,4,April,2,Q2,2023
100,2023-04-10,10,Monday,15,4,April,2,Q2,2023
101,2023-04-11,11,Tuesday,15,4,April,2,Q2,2023
102,2023-04-12,12,Wednesday,15,4,April,2,Q2,2023
103,2023-04-13,13,Thursday,15,4,April,2,Q2,2023
104,2023-04-14,14,Friday,15,4,April,2,Q2,2023
105,2023-04-15,15,Saturday,15,4,April,2,Q2,2023
106,2023-04-16,16,Sunday,15,4,April,2,Q2,2023
107,2023-04-17,17,Monday,16,4,April,2,Q2,2023
108,2023-04-18,18,Tuesday,16,4,April,2,Q2,2023
109,2023-04-19,19,Wednesday,16,4,April,2,Q2,2023
110,2023-04-20,20,Thursday,16,4,April,2,Q2,2023
111,2023-04-21,21,Friday,16,4,April,2,Q2,2023
112,2023-04-22,22,Saturday,16,4,April,2,Q2,2023
113,2023-04-23,23,Sunday,16,4,April,2,Q2,2023
114,2023-04-24,24,Monday,17,4,April,2,Q2,2023
115,2023-04-25,25,Tuesday,17,4,April,2,Q2,2023
116,2023-04-26,26,Wednesday,17,4,April,2,Q2,2023
117,2023-04-27,27,Thursday,17,4,April,2,Q2,2023
118,2023-04-28,28,Friday,17,4,April,2,Q2,2023
119,2023-04-29,29,Saturday,17,4,April,2,Q2,2023
120,2023-04-30,30,Sunday,17,4,April,2,Q2,2023
121,2023-05-01,1,Monday,18,5,May,2,Q2,2023
122,2023-05-02,2,Tuesday,18,5,May,2,Q2,2023
123,2023-05-03,3,Wednesday,18,5,May,2,Q2,2023
124,2023-05-04,4,Thursday,18,5,May,2,Q2,2023
125,2023-05-05,5,Friday,18,5,May,2,Q2,2023
126,2023-05-06,6,Saturday,18,5,May,2,Q2,2023
127,2023-05-07,7,Sunday,18,5,May,2,Q2,2023
128,2023-05-08,8,Monday,19,5,May,2,Q2,2023
129,2023-05-09,9,Tuesday,19,5,May,2,Q2,2023
130,2023-05-10,10,Wednesday,19,5,May,2,Q2,2023
131,2023-05-11,11,Thursday,19,5,May,2,Q2,2023
132,2023-05-12,12,Friday,19,5,May,2,Q2,2023
133,2023-05-13,13,Saturday,19,5,May,2,Q2,2023
134,2023-05-14,14,Sunday,19,5,May,2,Q2,2023
135,2023-05-15,15,Monday,20,5,May,2,Q2,2023
136,2023-05-16,16,Tuesday,20,5,May,2,Q2,2023
137,2023-05-17,17,Wednesday,20,5,May,2,Q2,2023
138,2023-05-18,18,Thursday,20,5,May,2,Q2,2023
139,2023-05-19,19,Friday,20,5,May,2,Q2,2023
140,2023-05-20,20,Saturday,20,5,May,2,Q2,2023
141,2023-05-21,21,Sunday,20,5,May,2,Q2,2023
142,2023-05-22,22,Monday,21,5,May,2,Q2,2023
143,2023-05-23,23,Tuesday,21,5,May,2,Q2,2023
144,2023-05-24,24,Wednesday,21,5,May,2,Q2,2023
145,2023-05-25,25,Thursday,21,5,May,2,Q2,2023
146,2023-05-26,26,Friday,21,5,May,2,Q2,2023
147,2023-05-27,27,Saturday,21,5,May,2,Q2,2023
148,2023-05-28,28,Sunday,21,5,May,2,Q2,2023
149,2023-05-29,29,Monday,22,5,May,2,Q2,2023
150,2023-05-30,30,Tuesday,22,5,May,2,Q2,2023
151,2023-05-31,31,Wednesday,22,5,May,2,Q2,2023
152,2023-06-01,1,Thursday,22,6,June,2,Q2,2023
153,2023-06-02,2,Friday,22,6,June,2,Q2,2023
154,2023-06-03,3,Saturday,22,6,June,2,Q2,2023
155,2023-06-04,4,Sunday,22,6,June,2,Q2,2023
156,2023-06-05,5,Monday,23,6,June,2,Q2,2023
157,2023-06-06,6,Tuesday,23,6,June,2,Q2,2023
158,2023-06-07,7,Wednesday,23,6,June,2,Q2,2023
159,2023-06-08,8,Thursday,23,6,June,2,Q2,2023
160,2023-06-09,9,Friday,23,6,June,2,Q2,2023
161,2023-06-10,10,Saturday,23,6,June,2,Q2,2023
162,2023-06-11,11,Sunday,23,6,June,2,Q2,2023
163,2023-06-12,12,Monday,24,6,June,2,Q2,2023
164,2023-06-13,13,Tuesday,24,6,June,2,Q2,2023
165,2023-06-14,14,Wednesday,24,6,June,2,Q2,2023
166,2023-06-15,15,Thursday,24,6,June,2,Q2,2023
167,2023-06-16,16,Friday,24,6,June,2,Q2,2023
168,2023-06-17,17,Saturday,24,6,June,2,Q2,2023
169,2023-06-18,18,Sunday,24,6,June,2,Q2,2023
170,2023-06-19,19,Monday,25,6,June,2,Q2,2023
171,2023-06-20,20,Tuesday,25,6,June,2,Q2,2023
172,2023-06-21,21,Wednesday,25,6,June,2,Q2,2023
173,2023-06-22,22,Thursday,25,6,June,2,Q2,2023
174,2023-06-23,23,Friday,25,6,June,2,Q2,2023
175,2023-06-24,24,Saturday,25,6,June,2,Q2,2023
176,2023-06-25,25,Sunday,25,6,June,2,Q2,2023
177,2023-06-26,26,Monday,26,6,June,2,Q2,2023
178,2023-06-27,27,Tuesday,26,6,June,2,Q2,2023
179,2023-06-28,28,Wednesday,26,6,June,2,Q2,2023
180,2023-06-29,29,Thursday,26,6,June,2,Q2,2023
181,2023-06-30,30,Friday,26,6,June,2,Q2,2023
182,2023-07-01,1,Saturday,26,7,July,3,Q3,2023
183,2023-07-02,2,Sunday,26,7,July,3,Q3,2023
184,2023-07-03,3,Monday,27,7,July,3,Q3,2023
185,2023-07-04,4,Tuesday,27,7,July,3,Q3,2023
186,2023-07-05,5,Wednesday,27,7,July,3,Q3,2023
187,2023-07-06,6,Thursday,27,7,July,3,Q3,2023
188,2023-07-07,7,Friday,27,7,July,3,Q3,2023
189,2023-07-08,8,Saturday,27,7,July,3,Q3,2023
190,2023-07-09,9,Sunday,27,7,July,3,Q3,2023
191,2023-07-10,10,Monday,28,7,July,3,Q3,2023
192,2023-07-11,11,Tuesday,28,7,July,3,Q3,2023
193,2023-07-12,12,Wednesday,28,7,July,3,Q3,2023
194,2023-07-13,13,Thursday,28,7,July,3,Q3,2023
195,2023-07-14,14,Friday,28,7,July,3,Q3,2023
196,2023-07-15,15,Saturday,28,7,July,3,Q3,2023
197,2023-07-16,16,Sunday,28,7,July,3,Q3,2023
198,2023-07-17,17,Monday,29,7,July,3,Q3,2023
199,2023-07-18,18,Tuesday,29,7,July,3,Q3,2023
200,2023-07-19,19,Wednesday,29,7,July,3,Q3,2023
201,2023-07-20,20,Thursday,29,7,July,3,Q3,2023
202,2023-07-21,21,Friday,29,7,July,3,Q3,2023
203,2023-07-22,22,Saturday,29,7,July,3,Q3,2023
204,2023-07-23,23,Sunday,29,7,July,3,Q3,2023
205,2023-07-24,24,Monday,30,7,July,3,Q3,2023
206,2023-07-25,25,Tuesday,30,7,July,3,Q3,2023
207,2023-07-26,26,Wednesday,30,7,July,3,Q3,2023
208,2023-07-27,27,Thursday,30,7,July,3,Q3,2023
209,2023-07-28,28,Friday,30,7,July,3,Q3,2023
210,2023-07-29,29,Saturday,30,7,July,3,Q3,2023
211,2023-07-30,30,Sunday,30,7,July,3,Q3,2023
212,2023-07-31,31,Monday,31,7,July,3,Q3,2023
213,2023-08-01,1,Tuesday,31,8,August,3,Q3,2023
214,2023-08-02,2,Wednesday,31,8,August,3,Q3,2023
215,2023-08-03,3,Thursday,31,8,August,3,Q3,2023
216,2023-08-04,4,Friday,31,8,August,3,Q3,2023
217,2023-08-05,5,Saturday,31,8,August,3,Q3,2023
218,2023-08-06,6,Sunday,31,8,August,3,Q3,2023
219,2023-08-07,7,Monday,32,8,August,3,Q3,2023
220,2023-08-08,8,Tuesday,32,8,August,3,Q3,2023
221,2023-08-09,9,Wednesday,32,8,August,3,Q3,2023
222,2023-08-10,10,Thursday,32,8,August,3,Q3,2023
223,2023-08-11,11,Friday,32,8,August,3,Q3,2023
224,2023-08-12,12,Saturday,32,8,August,3,Q3,2023
225,2023-08-13,13,Sunday,32,8,August,3,Q3,2023
226,2023-08-14,14,Monday,33,8,August,3,Q3,2023
227,2023-08-15,15,Tuesday,33,8,August,3,Q3,2023
228,2023-08-16,16,Wednesday,33,8,August,3,Q3,2023
229,2023-08-17,17,Thursday,33,8,August,3,Q3,2023
230,2023-08-18,18,Friday,33,8,August,3,Q3,2023
231,2023-08-19,19,Saturday,33,8,August,3,Q3,2023
232,2023-08-20,20,Sunday,33,8,August,3,Q3,2023
233,2023-08-21,21,Monday,34,8,August,3,Q3,2023
234,2023-08-22,22,Tuesday,34,8,August,3,Q3,2023
235,2023-08-23,23,Wednesday,34,8,August,3,Q3,2023
236,2023-08-24,24,Thursday,34,8,August,3,Q3,2023
237,2023-08-25,25,Friday,34,8,August,3,Q3,2023
238,2023-08-26,26,Saturday,34,8,August,3,Q3,2023
239,2023-08-27,27,Sunday,34,8,August,3,Q3,2023
240,2023-08-28,28,Monday,35,8,August,3,Q3,2023
241,2023-08-29,29,Tuesday,35,8,August,3,Q3,2023
242,2023-08-30,30,Wednesday,35,8,August,3,Q3,2023
243,2023-08-31,31,Thursday,35,8,August,3,Q3,2023
244,2023-09-01,1,Friday,35,9,September,3,Q3,2023
245,2023-09-02,2,Saturday,35,9,September,3,Q3,2023
246,2023-09-03,3,Sunday,35,9,September,3,Q3,2023
247,2023-09-04,4,Monday,36,9,September,3,Q3,2023
248,2023-09-05,5,Tuesday,36,9,September,3,Q3,2023
249,2023-09-06,6,Wednesday,36,9,September,3,Q3,2023
250,2023-09-07,7,Thursday,36,9,September,3,Q3,2023
251,2023-09-08,8,Friday,36,9,September,3,Q3,2023
252,2023-09-09,9,Saturday,36,9,September,3,Q3,2023
253,2023-09-10,10,Sunday,36,9,September,3,Q3,2023
254,2023-09-11,11,Monday,37,9,September,3,Q3,2023
255,2023-09-12,12,Tuesday,37,9,September,3,Q3,2023
256,2023-09-13,13,Wednesday,37,9,September,3,Q3,2023
257,2023-09-14,14,Thursday,37,9,September,3,Q3,2023
258,2023-09-15,15,Friday,37,9,September,3,Q3,2023
259,2023-09-16,16,Saturday,37,9,September,3,Q3,2023
260,2023-09-17,17,Sunday,37,9,September,3,Q3,2023
261,2023-09-18,18,Monday,38,9,September,3,Q3,2023
262,2023-09-19,19,Tuesday,38,9,September,3,Q3,2023
263,2023-09-20,20,Wednesday,38,9,September,3,Q3,2023
264,2023-09-21,21,Thursday,38,9,September,3,Q3,2023
265,2023-09-22,22,Friday,38,9,September,3,Q3,2023
266,2023-09-23,23,Saturday,38,9,September,3,Q3,2023
267,2023-09-24,24,Sunday,38,9,September,3,Q3,2023
268,2023-09-25,25,Monday,39,9,September,3,Q3,2023
269,2023-09-26,26,Tuesday,39,9,September,3,Q3,2023
270,2023-09-27,27,Wednesday,39,9,September,3,Q3,2023
271,2023-09-28,28,Thursday,39,9,September,3,Q3,2023
272,2023-09-29,29,Friday,39,9,September,3,Q3,2023
273,2023-09-30,30,Saturday,39,9,September,3,Q3,2023
274,2023-10-01,1,Sunday,39,10,October,4,Q4,2023
275,2023-10-02,2,Monday,40,10,October,4,Q4,2023
276,2023-10-03,3,Tuesday,40,10,October,4,Q4,2023
277,2023-10-04,4,Wednesday,40,10,October,4,Q4,2023
278,2023-10-05,5,Thursday,40,10,October,4,Q4,2023
279,2023-10-06,6,Friday,40,10,October,4,Q4,2023
280,2023-10-07,7,Saturday,40,10,October,4,Q4,2023
281,2023-10-08,8,Sunday,40,10,October,4,Q4,2023
282,2023-10-09,9,Monday,41,10,October,4,Q4,2023
283,2023-10-10,10,Tuesday,41,10,October,4,Q4,2023
284,2023-10-11,11,Wednesday,41,10,October,4,Q4,2023
285,2023-10-12,12,Thursday,41,10,October,4,Q4,2023
286,2023-10-13,13,Friday,41,10,October,4,Q4,2023
287,2023-10-14,14,Saturday,41,10,October,4,Q4,2023
288,2023-10-15,15,Sunday,41,10,October,4,Q4,2023
289,2023-10-16,16,Monday,42,10,October,4,Q4,2023
290,2023-10-17,17,Tuesday,42,10,October,4,Q4,2023
291,2023-10-18,18,Wednesday,42,10,October,4,Q4,2023
292,2023-10-19,19,Thursday,42,10,October,4,Q4,2023
293,2023-10-20,20,Friday,42,10,October,4,Q4,2023
294,2023-10-21,21,Saturday,42,10,October,4,Q4,2023
295,2023-10-22,22,Sunday,42,10,October,4,Q4,2023
296,2023-10-23,23,Monday,43,10,October,4,Q4,2023
297,2023-10-24,24,Tuesday,43,10,October,4,Q4,2023
298,2023-10-25,25,Wednesday,43,10,October,4,Q4,2023
299,2023-10-26,26,Thursday,43,10,October,4,Q4,2023
300,2023-10-27,27,Friday,43,10,October,4,Q4,2023
301,2023-10-28,28,Saturday,43,10,October,4,Q4,2023
302,2023-10-29,29,Sunday,43,10,October,4,Q4,2023
303,2023-10-30,30,Monday,44,10,October,4,Q4,2023
304,2023-10-31,31,Tuesday,44,10,October,4,Q4,2023
305,2023-11-01,1,Wednesday,44,11,November,4,Q4,2023
306,2023-11-02,2,Thursday,44,11,November,4,Q4,2023
307,2023-11-03,3,Friday,44,11,November,4,Q4,2023
308,2023-11-04,4,Saturday,44,11,November,4,Q4,2023
309,2023-11-05,5,Sunday,44,11,November,4,Q4,2023
310,2023-11-06,6,Monday,45,11,November,4,Q4,2023
311,2023-11-07,7,Tuesday,45,11,November,4,Q4,2023
312,2023-11-08,8,Wednesday,45,11,November,4,Q4,2023
313,2023-11-09,9,Thursday,45,11,November,4,Q4,2023
314,2023-11-10,10,Friday,45,11,November,4,Q4,2023
315,2023-11-11,11,Saturday,45,11,November,4,Q4,2023
316,2023-11-12,12,Sunday,45,11,November,4,Q4,2023
317,2023-11-13,13,Monday,46,11,November,4,Q4,2023
318,2023-11-14,14,Tuesday,46,11,November,4,Q4,2023
319,2023-11-15,15,Wednesday,46,11,November,4,Q4,2023
320,2023-11-16,16,Thursday,46,11,November,4,Q4,2023
321,2023-11-17,17,Friday,46,11,November,4,Q4,2023
322,2023-11-18,18,Saturday,46,11,November,4,Q4,2023
323,2023-11-19,19,Sunday,46,11,November,4,Q4,2023
324,2023-11-20,20,Monday,47,11,November,4,Q4,2023
325,2023-11-21,21,Tuesday,47,11,November,4,Q4,2023
326,2023-11-22,22,Wednesday,47,11,November,4,Q4,2023
327,2023-11-23,23,Thursday,47,11,November,4,Q4,2023
328,2023-11-24,24,Friday,47,11,November,4,Q4,2023
329,2023-11-25,25,Saturday,47,11,November,4,Q4,2023
330,2023-11-26,26,Sunday,47,11,November,4,Q4,2023
331,2023-11-27,27,Monday,48,11,November,4,Q4,2023
332,2023-11-28,28,Tuesday,48,11,November,4,Q4,2023
333,2023-11-29,29,Wednesday,48,11,November,4,Q4,2023
334,2023-11-30,30,Thursday,48,11,November,4,Q4,2023
335,2023-12-01,1,Friday,48,12,December,4,Q4,2023
336,2023-12-02,2,Saturday,48,12,December,4,Q4,2023
337,2023-12-03,3,Sunday,48,12,December,4,Q4,2023
338,2023-12-04,4,Monday,49,12,December,4,Q4,2023
339,2023-12-05,5,Tuesday,49,12,December,4,Q4,2023
340,2023-12-06,6,Wednesday,49,12,December,4,Q4,2023
341,2023-12-07,7,Thursday,49,12,December,4,Q4,2023
342,2023-12-08,8,Friday,49,12,December,4,Q4,2023
343,2023-12-09,9,Saturday,49,12,December,4,Q4,2023
344,2023-12-10,10,Sunday,49,12,December,4,Q4,2023
345,2023-12-11,11,Monday,50,12,December,4,Q4,2023
346,2023-12-12,12,Tuesday,50,12,December,4,Q4,2023
347,2023-12-13,13,Wednesday,50,12,December,4,Q4,2023
348,2023-12-14,14,Thursday,50,12,December,4,Q4,2023
349,2023-12-15,15,Friday,50,12,December,4,Q4,2023
350,2023-12-16,16,Saturday,50,12,December,4,Q4,2023
351,2023-12-17,17,Sunday,50,12,December,4,Q4,2023
352,2023-12-18,18,Monday,51,12,December,4,Q4,2023
353,2023-12-19,19,Tuesday,51,12,December,4,Q4,2023
354,2023-12-20,20,Wednesday,51,12,December,4,Q4,2023
355,2023-12-21,21,Thursday,51,12,December,4,Q4,2023
356,2023-12-22,22,Friday,51,12,December,4,Q4,2023
357,2023-12-23,23,Saturday,51,12,December,4,Q4,2023
358,2023-12-24,24,Sunday,51,12,December,4,Q4,2023
359,2023-12-25,25,Monday,52,12,December,4,Q4,2023
360,2023-12-26,26,Tuesday,52,12,December,4,Q4,2023
361,2023-12-27,27,Wednesday,52,12,December,4,Q4,2023
362,2023-12-28,28,Thursday,52,12,December,4,Q4,2023
363,2023-12-29,29,Friday,52,12,December,4,Q4,2023
364,2023-12-30,30,Saturday,52,12,December,4,Q4,2023
365,2023-12-31,31,Sunday,52,12,December,4,Q4,2023
366,2024-01-01,1,Monday,1,1,January,1,Q1,2024
367,2024-01-02,2,Tuesday,1,1,January,1,Q1,2024
368,2024-01-03,3,Wednesday,1,1,January,1,Q1,2024
369,2024-01-04,4,Thursday,1,1,January,1,Q1,2024
370,2024-01-05,5,Friday,1,1,January,1,Q1,2024
371,2024-01-06,6,Saturday,1,1,January,1,Q1,2024
372,2024-01-07,7,Sunday,1,1,January,1,Q1,2024
373,2024-01-08,8,Monday,2,1,January,1,Q1,2024
374,2024-01-09,9,Tuesday,2,1,January,1,Q1,2024
375,2024-01-10,10,Wednesday,2,1,January,1,Q1,2024
376,2024-01-11,11,Thursday,2,1,January,1,Q1,2024
377,2024-01-12,12,Friday,2,1,January,1,Q1,2024
378,2024-01-13,13,Saturday,2,1,January,1,Q1,2024
379,2024-01-14,14,Sunday,2,1,January,1,Q1,2024
380,2024-01-15,15,Monday,3,1,January,1,Q1,2024
381,2024-01-16,16,Tuesday,3,1,January,1,Q1,2024
382,2024-01-17,17,Wednesday,3,1,January,1,Q1,2024
383,2024-01-18,18,Thursday,3,1,January,1,Q1,2024
384,2024-01-19,19,Friday,3,1,January,1,Q1,2024
385,2024-01-20,20,Saturday,3,1,January,1,Q1,2024
386,2024-01-21,21,Sunday,3,1,January,1,Q1,2024
387,2024-01-22,22,Monday,4,1,January,1,Q1,2024
388,2024-01-23,23,Tuesday,4,1,January,1,Q1,2024
389,2024-01-24,24,Wednesday,4,1,January,1,Q1,2024
390,2024-01-25,25,Thursday,4,1,January,1,Q1,2024
391,2024-01-26,26,Friday,4,1,January,1,Q1,2024
392,2024-01-27,27,Saturday,4,1,January,1,Q1,2024
393,2024-01-28,28,Sunday,4,1,January,1,Q1,2024
394,2024-01-29,29,Monday,5,1,January,1,Q1,2024
395,2024-01-30,30,Tuesday,5,1,January,1,Q1,2024
396,2024-01-31,31,Wednesday,5,1,January,1,Q1,2024
397,2024-02-01,1,Thursday,5,2,February,1,Q1,2024
398,2024-02-02,2,Friday,5,2,February,1,Q1,2024
399,2024-02-03,3,Saturday,5,2,February,1,Q1,2024
400,2024-02-04,4,Sunday,5,2,February,1,Q1,2024
401,2024-02-05,5,Monday,6,2,February,1,Q1,2024
402,2024-02-06,6,Tuesday,6,2,February,1,Q1,2024
403,2024-02-07,7,Wednesday,6,2,February,1,Q1,2024
404,2024-02-08,8,Thursday,6,2,February,1,Q1,2024
405,2024-02-09,9,Friday,6,2,February,1,Q1,2024
406,2024-02-10,10,Saturday,6,2,February,1,Q1,2024
407,2024-02-11,11,Sunday,6,2,February,1,Q1,2024
408,2024-02-12,12,Monday,7,2,February,1,Q1,2024
409,2024-02-13,13,Tuesday,7,2,February,1,Q1,2024
410,2024-02-14,14,Wednesday,7,2,February,1,Q1,2024
411,2024-02-15,15,Thursday,7,2,February,1,Q1,2024
412,2024-02-16,16,Friday,7,2,February,1,Q1,2024
413,2024-02-17,17,Saturday,7,2,February,1,Q1,2024
414,2024-02-18,18,Sunday,7,2,February,1,Q1,2024
415,2024-02-19,19,Monday,8,2,February,1,Q1,2024
416,2024-02-20,20,Tuesday,8,2,February,1,Q1,2024
417,2024-02-21,21,Wednesday,8,2,February,1,Q1,2024
418,2024-02-22,22,Thursday,8,2,February,1,Q1,2024
419,2024-02-23,23,Friday,8,2,February,1,Q1,2024
420,2024-02-24,24,Saturday,8,2,February,1,Q1,2024
421,2024-02-25,25,Sunday,8,2,February,1,Q1,2024
422,2024-02-26,26,Monday,9,2,February,1,Q1,2024
423,2024-02-27,27,Tuesday,9,2,February,1,Q1,2024
424,2024-02-28,28,Wednesday,9,2,February,1,Q1,2024
425,2024-02-29,29,Thursday,9,2,February,1,Q1,2024
426,2024-03-01,1,Friday,9,3,March,1,Q1,2024
427,2024-03-02,2,Saturday,9,3,March,1,Q1,2024
428,2024-03-03,3,Sunday,9,3,March,1,Q1,2024
429,2024-03-04,4,Monday,10,3,March,1,Q1,2024
430,2024-03-05,5,Tuesday,10,3,March,1,Q1,2024
431,2024-03-06,6,Wednesday,10,3,March,1,Q1,2024
432,2024-03-07,7,Thursday,10,3,March,1,Q1,2024
433,2024-03-08,8,Friday,10,3,March,1,Q1,2024
434,2024-03-09,9,Saturday,10,3,March,1,Q1,2024
435,2024-03-10,10,Sunday,10,3,March,1,Q1,2024
436,2024-03-11,11,Monday,11,3,March,1,Q1,2024
437,2024-03-12,12,Tuesday,11,3,March,1,Q1,2024
438,2024-03-13,13,Wednesday,11,3,March,1,Q1,2024
439,2024-03-14,14,Thursday,11,3,March,1,Q1,2024
440,2024-03-15,15,Friday,11,3,March,1,Q1,2024
441,2024-03-16,16,Saturday,11,3,March,1,Q1,2024
442,2024-03-17,17,Sunday,11,3,March,1,Q1,2024
443,2024-03-18,18,Monday,12,3,March,1,Q1,2024
444,2024-03-19,19,Tuesday,12,3,March,1,Q1,2024
445,2024-03-20,20,Wednesday,12,3,March,1,Q1,2024
446,2024-03-21,21,Thursday,12,3,March,1,Q1,2024
447,2024-03-22,22,Friday,12,3,March,1,Q1,2024
448,2024-03-23,23,Saturday,12,3,March,1,Q1,2024
449,2024-03-24,24,Sunday,12,3,March,1,Q1,2024
450,2024-03-25,25,Monday,13,3,March,1,Q1,2024
451,2024-03-26,26,Tuesday,13,3,March,1,Q1,2024
452,2024-03-27,27,Wednesday,13,3,March,1,Q1,2024
453,2024-03-28,28,Thursday,13,3,March,1,Q1,2024
454,2024-03-29,29,Friday,13,3,March,1,Q1,2024
455,2024-03-30,30,Saturday,13,3,March,1,Q1,2024
456,2024-03-31,31,Sunday,13,3,March,1,Q1,2024
457,2024-04-01,1,Monday,14,4,April,2,Q2,2024
458,2024-04-02,2,Tuesday,14,4,April,2,Q2,2024
459,2024-04-03,3,Wednesday,14,4,April,2,Q2,2024
460,2024-04-04,4,Thursday,14,4,April,2,Q2,2024
461,2024-04-05,5,Friday,14,4,April,2,Q2,2024
462,2024-04-06,6,Saturday,14,4,April,2,Q2,2024
463,2024-04-07,7,Sunday,14,4,April,2,Q2,2024
464,2024-04-08,8,Monday,15,4,April,2,Q2,2024
465,2024-04-09,9,Tuesday,15,4,April,2,Q2,2024
466,2024-04-10,10,Wednesday,15,4,April,2,Q2,2024
467,2024-04-11,11,Thursday,15,4,April,2,Q2,2024
468,2024-04-12,12,Friday,15,4,April,2,Q2,2024
469,2024-04-13,13,Saturday,15,4,April,2,Q2,2024
470,2024-04-14,14,Sunday,15,4,April,2,Q2,2024
471,2024-04-15,15,Monday,16,4,April,2,Q2,2024
472,2024-04-16,16,Tuesday,16,4,April,2,Q2,2024
473,2024-04-17,17,Wednesday,16,4,April,2,Q2,2024
474,2024-04-18,18,Thursday,16,4,April,2,Q2,2024
475,2024-04-19,19,Friday,16,4,April,2,Q2,2024
476,2024-04-20,20,Saturday,16,4,April,2,Q2,2024
477,2024-04-21,21,Sunday,16,4,April,2,Q2,2024
478,2024-04-22,22,Monday,17,4,April,2,Q2,2024
479,2024-04-23,23,Tuesday,17,4,April,2,Q2,2024
480,2024-04-24,24,Wednesday,17,4,April,2,Q2,2024
481,2024-04-25,25,Thursday,17,4,April,2,Q2,2024
482,2024-04-26,26,Friday,17,4,April,2,Q2,2024
483,2024-04-27,27,Saturday,17,4,April,2,Q2,2024
484,2024-04-28,28,Sunday,17,4,April,2,Q2,2024
485,2024-04-29,29,Monday,18,4,April,2,Q2,2024
486,2024-04-30,30,Tuesday,18,4,April,2,Q2,2024
487,2024-05-01,1,Wednesday,18,5,May,2,Q2,2024
488,2024-05-02,2,Thursday,18,5,May,2,Q2,2024
489,2024-05-03,3,Friday,18,5,May,2,Q2,2024
490,2024-05-04,4,Saturday,18,5,May,2,Q2,2024
491,2024-05-05,5,Sunday,18,5,May,2,Q2,2024
492,2024-05-06,6,Monday,19,5,May,2,Q2,2024
493,2024-05-07,7,Tuesday,19,5,May,2,Q2,2024
494,2024-05-08,8,Wednesday,19,5,May,2,Q2,2024
495,2024-05-09,9,Thursday,19,5,May,2,Q2,2024
496,2024-05-10,10,Friday,19,5,May,2,Q2,2024
497,2024-05-11,11,Saturday,19,5,May,2,Q2,2024
498,2024-05-12,12,Sunday,19,5,May,2,Q2,2024
499,2024-05-13,13,Monday,20,5,May,2,Q2,2024
500,2024-05-14,14,Tuesday,20,5,May,2,Q2,2024
501,2024-05-15,15,Wednesday,20,5,May,2,Q2,2024
502,2024-05-16,16,Thursday,20,5,May,2,Q2,2024
503,2024-05-17,17,Friday,20,5,May,2,Q2,2024
504,2024-05-18,18,Saturday,20,5,May,2,Q2,2024
505,2024-05-19,19,Sunday,20,5,May,2,Q2,2024
506,2024-05-20,20,Monday,21,5,May,2,Q2,2024
507,2024-05-21,21,Tuesday,21,5,May,2,Q2,2024
508,2024-05-22,22,Wednesday,21,5,May,2,Q2,2024
509,2024-05-23,23,Thursday,21,5,May,2,Q2,2024
510,2024-05-24,24,Friday,21,5,May,2,Q2,2024
511,2024-05-25,25,Saturday,21,5,May,2,Q2,2024
512,2024-05-26,26,Sunday,21,5,May,2,Q2,2024
513,2024-05-27,27,Monday,22,5,May,2,Q2,2024
514,2024-05-28,28,Tuesday,22,5,May,2,Q2,2024
515,2024-05-29,29,Wednesday,22,5,May,2,Q2,2024
516,2024-05-30,30,Thursday,22,5,May,2,Q2,2024
517,2024-05-31,31,Friday,22,5,May,2,Q2,2024
518,2024-06-01,1,Saturday,22,6,June,2,Q2,2024
519,2024-06-02,2,Sunday,22,6,June,2,Q2,2024
520,2024-06-03,3,Monday,23,6,June,2,Q2,2024
521,2024-06-04,4,Tuesday,23,6,June,2,Q2,2024
522,2024-06-05,5,Wednesday,23,6,June,2,Q2,2024
523,2024-06-06,6,Thursday,23,6,June,2,Q2,2024
524,2024-06-07,7,Friday,23,6,June,2,Q2,2024
525,2024-06-08,8,Saturday,23,6,June,2,Q2,2024
526,2024-06-09,9,Sunday,23,6,June,2,Q2,2024
527,2024-06-10,10,Monday,24,6,June,2,Q2,2024
528,2024-06-11,11,Tuesday,24,6,June,2,Q2,2024
529,2024-06-12,12,Wednesday,24,6,June,2,Q2,2024
530,2024-06-13,13,Thursday,24,6,June,2,Q2,2024
531,2024-06-14,14,Friday,24,6,June,2,Q2,2024
532,2024-06-15,15,Saturday,24,6,June,2,Q2,2024
533,2024-06-16,16,Sunday,24,6,June,2,Q2,2024
534,2024-06-17,17,Monday,25,6,June,2,Q2,2024
535,2024-06-18,18,Tuesday,25,6,June,2,Q2,2024
536,2024-06-19,19,Wednesday,25,6,June,2,Q2,2024
537,2024-06-20,20,Thursday,25,6,June,2,Q2,2024
538,2024-06-21,21,Friday,25,6,June,2,Q2,2024
539,2024-06-22,22,Saturday,25,6,June,2,Q2,2024
540,2024-06-23,23,Sunday,25,6,June,2,Q2,2024
541,2024-06-24,24,Monday,26,6,June,2,Q2,2024
542,2024-06-25,25,Tuesday,26,6,June,2,Q2,2024
543,2024-06-26,26,Wednesday,26,6,June,2,Q2,2024
544,2024-06-27,27,Thursday,26,6,June,2,Q2,2024
545,2024-06-28,28,Friday,26,6,June,2,Q2,2024
546,2024-06-29,29,Saturday,26,6,June,2,Q2,2024
547,2024-06-30,30,Sunday,26,6,June,2,Q2,2024
548,2024-07-01,1,Monday,27,7,July,3,Q3,2024
549,2024-07-02,2,Tuesday,27,7,July,3,Q3,2024
550,2024-07-03,3,Wednesday,27,7,July,3,Q3,2024
551,2024-07-04,4,Thursday,27,7,July,3,Q3,2024
552,2024-07-05,5,Friday,27,7,July,3,Q3,2024
553,2024-07-06,6,Saturday,27,7,July,3,Q3,2024
554,2024-07-07,7,Sunday,27,7,July,3,Q3,2024
555,2024-07-08,8,Monday,28,7,July,3,Q3,2024
556,2024-07-09,9,Tuesday,28,7,July,3,Q3,2024
557,2024-07-10,10,Wednesday,28,7,July,3,Q3,2024
558,2024-07-11,11,Thursday,28,7,July,3,Q3,2024
559,2024-07-12,12,Friday,28,7,July,3,Q3,2024
560,2024-07-13,13,Saturday,28,7,July,3,Q3,2024
561,2024-07-14,14,Sunday,28,7,July,3,Q3,2024
562,2024-07-15,15,Monday,29,7,July,3,Q3,2024
563,2024-07-16,16,Tuesday,29,7,July,3,Q3,2024
564,2024-07-17,17,Wednesday,29,7,July,3,Q3,2024
565,2024-07-18,18,Thursday,29,7,July,3,Q3,2024
566,2024-07-19,19,Friday,29,7,July,3,Q3,2024
567,2024-07-20,20,Saturday,29,7,July,3,Q3,2024
568,2024-07-21,21,Sunday,29,7,July,3,Q3,2024
569,2024-07-22,22,Monday,30,7,July,3,Q3,2024
570,2024-07-23,23,Tuesday,30,7,July,3,Q3,2024
571,2024-07-24,24,Wednesday,30,7,July,3,Q3,2024
572,2024-07-25,25,Thursday,30,7,July,3,Q3,2024
573,2024-07-26,26,Friday,30,7,July,3,Q3,2024
574,2024-07-27,27,Saturday,30,7,July,3,Q3,2024
575,2024-07-28,28,Sunday,30,7,July,3,Q3,2024
576,2024-07-29,29,Monday,31,7,July,3,Q3,2024
577,2024-07-30,30,Tuesday,31,7,July,3,Q3,2024
578,2024-07-31,31,Wednesday,31,7,July,3,Q3,2024
579,2024-08-01,1,Thursday,31,8,August,3,Q3,2024
580,2024-08-02,2,Friday,31,8,August,3,Q3,2024
581,2024-08-03,3,Saturday,31,8,August,3,Q3,2024
582,2024-08-04,4,Sunday,31,8,August,3,Q3,2024
583,2024-08-05,5,Monday,32,8,August,3,Q3,2024
584,2024-08-06,6,Tuesday,32,8,August,3,Q3,2024
585,2024-08-07,7,Wednesday,32,8,August,3,Q3,2024
586,2024-08-08,8,Thursday,32,8,August,3,Q3,2024
587,2024-08-09,9,Friday,32,8,August,3,Q3,2024
588,2024-08-10,10,Saturday,32,8,August,3,Q3,2024
589,2024-08-11,11,Sunday,32,8,August,3,Q3,2024
590,2024-08-12,12,Monday,33,8,August,3,Q3,2024
591,2024-08-13,13,Tuesday,33,8,August,3,Q3,2024
592,2024-08-14,14,Wednesday,33,8,August,3,Q3,2024
593,2024-08-15,15,Thursday,33,8,August,3,Q3,2024
594,2024-08-16,16,Friday,33,8,August,3,Q3,2024
595,2024-08-17,17,Saturday,33,8,August,3,Q3,2024
596,2024-08-18,18,Sunday,33,8,August,3,Q3,2024
597,2024-08-19,19,Monday,34,8,August,3,Q3,2024
598,2024-08-20,20,Tuesday,34,8,August,3,Q3,2024
599,2024-08-21,21,Wednesday,34,8,August,3,Q3,2024
600,2024-08-22,22,Thursday,34,8,August,3,Q3,2024
601,2024-08-23,23,Friday,34,8,August,3,Q3,2024
602,2024-08-24,24,Saturday,34,8,August,3,Q3,2024
603,2024-08-25,25,Sunday,34,8,August,3,Q3,2024
604,2024-08-26,26,Monday,35,8,August,3,Q3,2024
605,2024-08-27,27,Tuesday,35,8,August,3,Q3,2024
606,2024-08-28,28,Wednesday,35,8,August,3,Q3,2024
607,2024-08-29,29,Thursday,35,8,August,3,Q3,2024
608,2024-08-30,30,Friday,35,8,August,3,Q3,2024
609,2024-08-31,31,Saturday,35,8,August,3,Q3,2024
610,2024-09-01,1,Sunday,35,9,September,3,Q3,2024
611,2024-09-02,2,Monday,36,9,September,3,Q3,2024
612,2024-09-03,3,Tuesday,36,9,September,3,Q3,2024
613,2024-09-04,4,Wednesday,36,9,September,3,Q3,2024
614,2024-09-05,5,Thursday,36,9,September,3,Q3,2024
615,2024-09-06,6,Friday,36,9,September,3,Q3,2024
616,2024-09-07,7,Saturday,36,9,September,3,Q3,2024
617,2024-09-08,8,Sunday,36,9,September,3,Q3,2024
618,2024-09-09,9,Monday,37,9,September,3,Q3,2024
619,2024-09-10,10,Tuesday,37,9,September,3,Q3,2024
620,2024-09-11,11,Wednesday,37,9,September,3,Q3,2024
621,2024-09-12,12,Thursday,37,9,September,3,Q3,2024
622,2024-09-13,13,Friday,37,9,September,3,Q3,2024
623,2024-09-14,14,Saturday,37,9,September,3,Q3,2024
624,2024-09-15,15,Sunday,37,9,September,3,Q3,2024
625,2024-09-16,16,Monday,38,9,September,3,Q3,2024
626,2024-09-17,17,Tuesday,38,9,September,3,Q3,2024
627,2024-09-18,18,Wednesday,38,9,September,3,Q3,2024
628,2024-09-19,19,Thursday,38,9,September,3,Q3,2024
629,2024-09-20,20,Friday,38,9,September,3,Q3,2024
630,2024-09-21,21,Saturday,38,9,September,3,Q3,2024
631,2024-09-22,22,Sunday,38,9,September,3,Q3,2024
632,2024-09-23,23,Monday,39,9,September,3,Q3,2024
633,2024-09-24,24,Tuesday,39,9,September,3,Q3,2024
634,2024-09-25,25,Wednesday,39,9,September,3,Q3,2024
635,2024-09-26,26,Thursday,39,9,September,3,Q3,2024
636,2024-09-27,27,Friday,39,9,September,3,Q3,2024
637,2024-09-28,28,Saturday,39,9,September,3,Q3,2024
638,2024-09-29,29,Sunday,39,9,September,3,Q3,2024
639,2024-09-30,30,Monday,40,9,September,3,Q3,2024
640,2024-10-01,1,Tuesday,40,10,October,4,Q4,2024
641,2024-10-02,2,Wednesday,40,10,October,4,Q4,2024
642,2024-10-03,3,Thursday,40,10,October,4,Q4,2024
643,2024-10-04,4,Friday,40,10,October,4,Q4,2024
644,2024-10-05,5,Saturday,40,10,October,4,Q4,2024
645,2024-10-06,6,Sunday,40,10,October,4,Q4,2024
646,2024-10-07,7,Monday,41,10,October,4,Q4,2024
647,2024-10-08,8,Tuesday,41,10,October,4,Q4,2024
648,2024-10-09,9,Wednesday,41,10,October,4,Q4,2024
649,2024-10-10,10,Thursday,41,10,October,4,Q4,2024
650,2024-10-11,11,Friday,41,10,October,4,Q4,2024
651,2024-10-12,12,Saturday,41,10,October,4,Q4,2024
652,2024-10-13,13,Sunday,41,10,October,4,Q4,2024
653,2024-10-14,14,Monday,42,10,October,4,Q4,2024
654,2024-10-15,15,Tuesday,42,10,October,4,Q4,2024
655,2024-10-16,16,Wednesday,42,10,October,4,Q4,2024
656,2024-10-17,17,Thursday,42,10,October,4,Q4,2024
657,2024-10-18,18,Friday,42,10,October,4,Q4,2024
658,2024-10-19,19,Saturday,42,10,October,4,Q4,2024
659,2024-10-20,20,Sunday,42,10,October,4,Q4,2024
660,2024-10-21,21,Monday,43,10,October,4,Q4,2024
661,2024-10-22,22,Tuesday,43,10,October,4,Q4,2024
662,2024-10-23,23,Wednesday,43,10,October,4,Q4,2024
663,2024-10-24,24,Thursday,43,10,October,4,Q4,2024
664,2024-10-25,25,Friday,43,10,October,4,Q4,2024
665,2024-10-26,26,Saturday,43,10,October,4,Q4,2024
666,2024-10-27,27,Sunday,43,10,October,4,Q4,2024
667,2024-10-28,28,Monday,44,10,October,4,Q4,2024
668,2024-10-29,29,Tuesday,44,10,October,4,Q4,2024
669,2024-10-30,30,Wednesday,44,10,October,4,Q4,2024
670,2024-10-31,31,Thursday,44,10,October,4,Q4,2024
671,2024-11-01,1,Friday,44,11,November,4,Q4,2024
672,2024-11-02,2,Saturday,44,11,November,4,Q4,2024
673,2024-11-03,3,Sunday,44,11,November,4,Q4,2024
674,2024-11-04,4,Monday,45,11,November,4,Q4,2024
675,2024-11-05,5,Tuesday,45,11,November,4,Q4,2024
676,2024-11-06,6,Wednesday,45,11,November,4,Q4,2024
677,2024-11-07,7,Thursday,45,11,November,4,Q4,2024
678,2024-11-08,8,Friday,45,11,November,4,Q4,2024
679,2024-11-09,9,Saturday,45,11,November,4,Q4,2024
680,2024-11-10,10,Sunday,45,11,November,4,Q4,2024
681,2024-11-11,11,Monday,46,11,November,4,Q4,2024
682,2024-11-12,12,Tuesday,46,11,November,4,Q4,2024
683,2024-11-13,13,Wednesday,46,11,November,4,Q4,2024
684,2024-11-14,14,Thursday,46,11,November,4,Q4,2024
685,2024-11-15,15,Friday,46,11,November,4,Q4,2024
686,2024-11-16,16,Saturday,46,11,November,4,Q4,2024
687,2024-11-17,17,Sunday,46,11,November,4,Q4,2024
688,2024-11-18,18,Monday,47,11,November,4,Q4,2024
689,2024-11-19,19,Tuesday,47,11,November,4,Q4,2024
690,2024-11-20,20,Wednesday,47,11,November,4,Q4,2024
691,2024-11-21,21,Thursday,47,11,November,4,Q4,2024
692,2024-11-22,22,Friday,47,11,November,4,Q4,2024
693,2024-11-23,23,Saturday,47,11,November,4,Q4,2024
694,2024-11-24,24,Sunday,47,11,November,4,Q4,2024
695,2024-11-25,25,Monday,48,11,November,4,Q4,2024
696,2024-11-26,26,Tuesday,48,11,November,4,Q4,2024
697,2024-11-27,27,Wednesday,48,11,November,4,Q4,2024
698,2024-11-28,28,Thursday,48,11,November,4,Q4,2024
699,2024-11-29,29,Friday,48,11,November,4,Q4,2024
700,2024-11-30,30,Saturday,48,11,November,4,Q4,2024
701,2024-12-01,1,Sunday,48,12,December,4,Q4,2024
702,2024-12-02,2,Monday,49,12,December,4,Q4,2024
703,2024-12-03,3,Tuesday,49,12,December,4,Q4,2024
704,2024-12-04,4,Wednesday,49,12,December,4,Q4,2024
705,2024-12-05,5,Thursday,49,12,December,4,Q4,2024
706,2024-12-06,6,Friday,49,12,December,4,Q4,2024
707,2024-12-07,7,Saturday,49,12,December,4,Q4,2024
708,2024-12-08,8,Sunday,49,12,December,4,Q4,2024
709,2024-12-09,9,Monday,50,12,December,4,Q4,2024
710,2024-12-10,10,Tuesday,50,12,December,4,Q4,2024
711,2024-12-11,11,Wednesday,50,12,December,4,Q4,2024
712,2024-12-12,12,Thursday,50,12,December,4,Q4,2024
713,2024-12-13,13,Friday,50,12,December,4,Q4,2024
714,2024-12-14,14,Saturday,50,12,December,4,Q4,2024
715,2024-12-15,15,Sunday,50,12,December,4,Q4,2024
716,2024-12-16,16,Monday,51,12,December,4,Q4,2024
717,2024-12-17,17,Tuesday,51,12,December,4,Q4,2024
718,2024-12-18,18,Wednesday,51,12,December,4,Q4,2024
719,2024-12-19,19,Thursday,51,12,December,4,Q4,2024
720,2024-12-20,20,Friday,51,12,December,4,Q4,2024
721,2024-12-21,21,Saturday,51,12,December,4,Q4,2024
722,2024-12-22,22,Sunday,51,12,December,4,Q4,2024
723,2024-12-23,23,Monday,52,12,December,4,Q4,2024
724,2024-12-24,24,Tuesday,52,12,December,4,Q4,2024
725,2024-12-25,25,Wednesday,52,12,December,4,Q4,2024
726,2024-12-26,26,Thursday,52,12,December,4,Q4,2024
727,2024-12-27,27,Friday,52,12,December,4,Q4,2024
728,2024-12-28,28,Saturday,52,12,December,4,Q4,2024
729,2024-12-29,29,Sunday,52,12,December,4,Q4,2024
730,2024-12-30,30,Monday,1,12,December,4,Q4,2024
731,2024-12-31,31,Tuesday,1,12,December,4,Q4,2024
732,2025-01-01,1,Wednesday,1,1,January,1,Q1,2025
733,2025-01-02,2,Thursday,1,1,January,1,Q1,2025
734,2025-01-03,3,Friday,1,1,January,1,Q1,2025
735,2025-01-04,4,Saturday,1,1,January,1,Q1,2025
736,2025-01-05,5,Sunday,1,1,January,1,Q1,2025
737,2025-01-06,6,Monday,2,1,January,1,Q1,2025
738,2025-01-07,7,Tuesday,2,1,January,1,Q1,2025
739,2025-01-08,8,Wednesday,2,1,January,1,Q1,2025
740,2025-01-09,9,Thursday,2,1,January,1,Q1,2025
741,2025-01-10,10,Friday,2,1,January,1,Q1,2025
742,2025-01-11,11,Saturday,2,1,January,1,Q1,2025
743,2025-01-12,12,Sunday,2,1,January,1,Q1,2025
744,2025-01-13,13,Monday,3,1,January,1,Q1,2025
745,2025-01-14,14,Tuesday,3,1,January,1,Q1,2025
746,2025-01-15,15,Wednesday,3,1,January,1,Q1,2025
747,2025-01-16,16,Thursday,3,1,January,1,Q1,2025
748,2025-01-17,17,Friday,3,1,January,1,Q1,2025
749,2025-01-18,18,Saturday,3,1,January,1,Q1,2025
750,2025-01-19,19,Sunday,3,1,January,1,Q1,2025
751,2025-01-20,20,Monday,4,1,January,1,Q1,2025
752,2025-01-21,21,Tuesday,4,1,January,1,Q1,2025
753,2025-01-22,22,Wednesday,4,1,January,1,Q1,2025
754,2025-01-23,23,Thursday,4,1,January,1,Q1,2025
755,2025-01-24,24,Friday,4,1,January,1,Q1,2025
756,2025-01-25,25,Saturday,4,1,January,1,Q1,2025
757,2025-01-26,26,Sunday,4,1,January,1,Q1,2025
758,2025-01-27,27,Monday,5,1,January,1,Q1,2025
759,2025-01-28,28,Tuesday,5,1,January,1,Q1,2025
760,2025-01-29,29,Wednesday,5,1,January,1,Q1,2025
761,2025-01-30,30,Thursday,5,1,January,1,Q1,2025
762,2025-01-31,31,Friday,5,1,January,1,Q1,2025
763,2025-02-01,1,Saturday,5,2,February,1,Q1,2025
764,2025-02-02,2,Sunday,5,2,February,1,Q1,2025
765,2025-02-03,3,Monday,6,2,February,1,Q1,2025
766,2025-02-04,4,Tuesday,6,2,February,1,Q1,2025
767,2025-02-05,5,Wednesday,6,2,February,1,Q1,2025
768,2025-02-06,6,Thursday,6,2,February,1,Q1,2025
769,2025-02-07,7,Friday,6,2,February,1,Q1,2025
770,2025-02-08,8,Saturday,6,2,February,1,Q1,2025
771,2025-02-09,9,Sunday,6,2,February,1,Q1,2025
772,2025-02-10,10,Monday,7,2,February,1,Q1,2025
773,2025-02-11,11,Tuesday,7,2,February,1,Q1,2025
774,2025-02-12,12,Wednesday,7,2,February,1,Q1,2025
775,2025-02-13,13,Thursday,7,2,February,1,Q1,2025
776,2025-02-14,14,Friday,7,2,February,1,Q1,2025
777,2025-02-15,15,Saturday,7,2,February,1,Q1,2025
778,2025-02-16,16,Sunday,7,2,February,1,Q1,2025
779,2025-02-17,17,Monday,8,2,February,1,Q1,2025
780,2025-02-18,18,Tuesday,8,2,February,1,Q1,2025
781,2025-02-19,19,Wednesday,8,2,February,1,Q1,2025
782,2025-02-20,20,Thursday,8,2,February,1,Q1,2025
783,2025-02-21,21,Friday,8,2,February,1,Q1,2025
784,2025-02-22,22,Saturday,8,2,February,1,Q1,2025
785,2025-02-23,23,Sunday,8,2,February,1,Q1,2025
786,2025-02-24,24,Monday,9,2,February,1,Q1,2025
787,2025-02-25,25,Tuesday,9,2,February,1,Q1,2025
788,2025-02-26,26,Wednesday,9,2,February,1,Q1,2025
789,2025-02-27,27,Thursday,9,2,February,1,Q1,2025
790,2025-02-28,28,Friday,9,2,February,1,Q1,2025
791,2025-03-01,1,Saturday,9,3,March,1,Q1,2025
792,2025-03-02,2,Sunday,9,3,March,1,Q1,2025
793,2025-03-03,3,Monday,10,3,March,1,Q1,2025
794,2025-03-04,4,Tuesday,10,3,March,1,Q1,2025
795,2025-03-05,5,Wednesday,10,3,March,1,Q1,2025
796,2025-03-06,6,Thursday,10,3,March,1,Q1,2025
797,2025-03-07,7,Friday,10,3,March,1,Q1,2025
798,2025-03-08,8,Saturday,10,3,March,1,Q1,2025
799,2025-03-09,9,Sunday,10,3,March,1,Q1,2025
800,2025-03-10,10,Monday,11,3,March,1,Q1,2025
801,2025-03-11,11,Tuesday,11,3,March,1,Q1,2025
802,2025-03-12,12,Wednesday,11,3,March,1,Q1,2025
803,2025-03-13,13,Thursday,11,3,March,1,Q1,2025
804,2025-03-14,14,Friday,11,3,March,1,Q1,2025
805,2025-03-15,15,Saturday,11,3,March,1,Q1,2025
806,2025-03-16,16,Sunday,11,3,March,1,Q1,2025
807,2025-03-17,17,Monday,12,3,March,1,Q1,2025
808,2025-03-18,18,Tuesday,12,3,March,1,Q1,2025
809,2025-03-19,19,Wednesday,12,3,March,1,Q1,2025
810,2025-03-20,20,Thursday,12,3,March,1,Q1,2025
811,2025-03-21,21,Friday,12,3,March,1,Q1,2025
812,2025-03-22,22,Saturday,12,3,March,1,Q1,2025
813,2025-03-23,23,Sunday,12,3,March,1,Q1,2025
814,2025-03-24,24,Monday,13,3,March,1,Q1,2025
815,2025-03-25,25,Tuesday,13,3,March,1,Q1,2025
816,2025-03-26,26,Wednesday,13,3,March,1,Q1,2025
817,2025-03-27,27,Thursday,13,3,March,1,Q1,2025
818,2025-03-28,28,Friday,13,3,March,1,Q1,2025
819,2025-03-29,29,Saturday,13,3,March,1,Q1,2025
820,2025-03-30,30,Sunday,13,3,March,1,Q1,2025
821,2025-03-31,31,Monday,14,3,March,1,Q1,2025
822,2025-04-01,1,Tuesday,14,4,April,2,Q2,2025
823,2025-04-02,2,Wednesday,14,4,April,2,Q2,2025
824,2025-04-03,3,Thursday,14,4,April,2,Q2,2025
825,2025-04-04,4,Friday,14,4,April,2,Q2,2025
826,2025-04-05,5,Saturday,14,4,April,2,Q2,2025
827,2025-04-06,6,Sunday,14,4,April,2,Q2,2025
828,2025-04-07,7,Monday,15,4,April,2,Q2,2025
829,2025-04-08,8,Tuesday,15,4,April,2,Q2,2025
830,2025-04-09,9,Wednesday,15,4,April,2,Q2,2025
831,2025-04-10,10,Thursday,15,4,April,2,Q2,2025
832,2025-04-11,11,Friday,15,4,April,2,Q2,2025
833,2025-04-12,12,Saturday,15,4,April,2,Q2,2025
834,2025-04-13,13,Sunday,15,4,April,2,Q2,2025
835,2025-04-14,14,Monday,16,4,April,2,Q2,2025
836,2025-04-15,15,Tuesday,16,4,April,2,Q2,2025
837,2025-04-16,16,Wednesday,16,4,April,2,Q2,2025
838,2025-04-17,17,Thursday,16,4,April,2,Q2,2025
839,2025-04-18,18,Friday,16,4,April,2,Q2,2025
840,2025-04-19,19,Saturday,16,4,April,2,Q2,2025
841,2025-04-20,20,Sunday,16,4,April,2,Q2,2025
842,2025-04-21,21,Monday,17,4,April,2,Q2,2025
843,2025-04-22,22,Tuesday,17,4,April,2,Q2,2025
844,2025-04-23,23,Wednesday,17,4,April,2,Q2,2025
845,2025-04-24,24,Thursday,17,4,April,2,Q2,2025
846,2025-04-25,25,Friday,17,4,April,2,Q2,2025
847,2025-04-26,26,Saturday,17,4,April,2,Q2,2025
848,2025-04-27,27,Sunday,17,4,April,2,Q2,2025
849,2025-04-28,28,Monday,18,4,April,2,Q2,2025
850,2025-04-29,29,Tuesday,18,4,April,2,Q2,2025
851,2025-04-30,30,Wednesday,18,4,April,2,Q2,2025
852,2025-05-01,1,Thursday,18,5,May,2,Q2,2025
853,2025-05-02,2,Friday,18,5,May,2,Q2,2025
854,2025-05-03,3,Saturday,18,5,May,2,Q2,2025
855,2025-05-04,4,Sunday,18,5,May,2,Q2,2025
856,2025-05-05,5,Monday,19,5,May,2,Q2,2025
857,2025-05-06,6,Tuesday,19,5,May,2,Q2,2025
858,2025-05-07,7,Wednesday,19,5,May,2,Q2,2025
859,2025-05-08,8,Thursday,19,5,May,2,Q2,2025
860,2025-05-09,9,Friday,19,5,May,2,Q2,2025
861,2025-05-10,10,Saturday,19,5,May,2,Q2,2025
862,2025-05-11,11,Sunday,19,5,May,2,Q2,2025
863,2025-05-12,12,Monday,20,5,May,2,Q2,2025
864,2025-05-13,13,Tuesday,20,5,May,2,Q2,2025
865,2025-05-14,14,Wednesday,20,5,May,2,Q2,2025
866,2025-05-15,15,Thursday,20,5,May,2,Q2,2025
867,2025-05-16,16,Friday,20,5,May,2,Q2,2025
868,2025-05-17,17,Saturday,20,5,May,2,Q2,2025
869,2025-05-18,18,Sunday,20,5,May,2,Q2,2025
870,2025-05-19,19,Monday,21,5,May,2,Q2,2025
871,2025-05-20,20,Tuesday,21,5,May,2,Q2,2025
872,2025-05-21,21,Wednesday,21,5,May,2,Q2,2025
873,2025-05-22,22,Thursday,21,5,May,2,Q2,2025
874,2025-05-23,23,Friday,21,5,May,2,Q2,2025
875,2025-05-24,24,Saturday,21,5,May,2,Q2,2025
876,2025-05-25,25,Sunday,21,5,May,2,Q2,2025
877,2025-05-26,26,Monday,22,5,May,2,Q2,2025
878,2025-05-27,27,Tuesday,22,5,May,2,Q2,2025
879,2025-05-28,28,Wednesday,22,5,May,2,Q2,2025
880,2025-05-29,29,Thursday,22,5,May,2,Q2,2025
881,2025-05-30,30,Friday,22,5,May,2,Q2,2025
882,2025-05-31,31,Saturday,22,5,May,2,Q2,2025
883,2025-06-01,1,Sunday,22,6,June,2,Q2,2025
884,2025-06-02,2,Monday,23,6,June,2,Q2,2025
885,2025-06-03,3,Tuesday,23,6,June,2,Q2,2025
886,2025-06-04,4,Wednesday,23,6,June,2,Q2,2025
887,2025-06-05,5,Thursday,23,6,June,2,Q2,2025
888,2025-06-06,6,Friday,23,6,June,2,Q2,2025
889,2025-06-07,7,Saturday,23,6,June,2,Q2,2025
890,2025-06-08,8,Sunday,23,6,June,2,Q2,2025
891,2025-06-09,9,Monday,24,6,June,2,Q2,2025
892,2025-06-10,10,Tuesday,24,6,June,2,Q2,2025
893,2025-06-11,11,Wednesday,24,6,June,2,Q2,2025
894,2025-06-12,12,Thursday,24,6,June,2,Q2,2025
895,2025-06-13,13,Friday,24,6,June,2,Q2,2025
896,2025-06-14,14,Saturday,24,6,June,2,Q2,2025
897,2025-06-15,15,Sunday,24,6,June,2,Q2,2025
898,2025-06-16,16,Monday,25,6,June,2,Q2,2025
899,2025-06-17,17,Tuesday,25,6,June,2,Q2,2025
900,2025-06-18,18,Wednesday,25,6,June,2,Q2,2025
901,2025-06-19,19,Thursday,25,6,June,2,Q2,2025
902,2025-06-20,20,Friday,25,6,June,2,Q2,2025
903,2025-06-21,21,Saturday,25,6,June,2,Q2,2025
904,2025-06-22,22,Sunday,25,6,June,2,Q2,2025
905,2025-06-23,23,Monday,26,6,June,2,Q2,2025
906,2025-06-24,24,Tuesday,26,6,June,2,Q2,2025
907,2025-06-25,25,Wednesday,26,6,June,2,Q2,2025
908,2025-06-26,26,Thursday,26,6,June,2,Q2,2025
909,2025-06-27,27,Friday,26,6,June,2,Q2,2025
910,2025-06-28,28,Saturday,26,6,June,2,Q2,2025
911,2025-06-29,29,Sunday,26,6,June,2,Q2,2025
912,2025-06-30,30,Monday,27,6,June,2,Q2,2025
913,2025-07-01,1,Tuesday,27,7,July,3,Q3,2025
914,2025-07-02,2,Wednesday,27,7,July,3,Q3,2025
915,2025-07-03,3,Thursday,27,7,July,3,Q3,2025
916,2025-07-04,4,Friday,27,7,July,3,Q3,2025
917,2025-07-05,5,Saturday,27,7,July,3,Q3,2025
918,2025-07-06,6,Sunday,27,7,July,3,Q3,2025
919,2025-07-07,7,Monday,28,7,July,3,Q3,2025
920,2025-07-08,8,Tuesday,28,7,July,3,Q3,2025
921,2025-07-09,9,Wednesday,28,7,July,3,Q3,2025
922,2025-07-10,10,Thursday,28,7,July,3,Q3,2025
923,2025-07-11,11,Friday,28,7,July,3,Q3,2025
924,2025-07-12,12,Saturday,28,7,July,3,Q3,2025
925,2025-07-13,13,Sunday,28,7,July,3,Q3,2025
926,2025-07-14,14,Monday,29,7,July,3,Q3,2025
927,2025-07-15,15,Tuesday,29,7,July,3,Q3,2025
928,2025-07-16,16,Wednesday,29,7,July,3,Q3,2025
929,2025-07-17,17,Thursday,29,7,July,3,Q3,2025
930,2025-07-18,18,Friday,29,7,July,3,Q3,2025
931,2025-07-19,19,Saturday,29,7,July,3,Q3,2025
932,2025-07-20,20,Sunday,29,7,July,3,Q3,2025
933,2025-07-21,21,Monday,30,7,July,3,Q3,2025
934,2025-07-22,22,Tuesday,30,7,July,3,Q3,2025
935,2025-07-23,23,Wednesday,30,7,July,3,Q3,2025
936,2025-07-24,24,Thursday,30,7,July,3,Q3,2025
937,2025-07-25,25,Friday,30,7,July,3,Q3,2025
938,2025-07-26,26,Saturday,30,7,July,3,Q3,2025
939,2025-07-27,27,Sunday,30,7,July,3,Q3,2025
940,2025-07-28,28,Monday,31,7,July,3,Q3,2025
941,2025-07-29,29,Tuesday,31,7,July,3,Q3,2025
942,2025-07-30,30,Wednesday,31,7,July,3,Q3,2025
943,2025-07-31,31,Thursday,31,7,July,3,Q3,2025
944,2025-08-01,1,Friday,31,8,August,3,Q3,2025
945,2025-08-02,2,Saturday,31,8,August,3,Q3,2025
946,2025-08-03,3,Sunday,31,8,August,3,Q3,2025
947,2025-08-04,4,Monday,32,8,August,3,Q3,2025
948,2025-08-05,5,Tuesday,32,8,August,3,Q3,2025
949,2025-08-06,6,Wednesday,32,8,August,3,Q3,2025
950,2025-08-07,7,Thursday,32,8,August,3,Q3,2025
951,2025-08-08,8,Friday,32,8,August,3,Q3,2025
952,2025-08-09,9,Saturday,32,8,August,3,Q3,2025
953,2025-08-10,10,Sunday,32,8,August,3,Q3,2025
954,2025-08-11,11,Monday,33,8,August,3,Q3,2025
955,2025-08-12,12,Tuesday,33,8,August,3,Q3,2025
956,2025-08-13,13,Wednesday,33,8,August,3,Q3,2025
957,2025-08-14,14,Thursday,33,8,August,3,Q3,2025
958,2025-08-15,15,Friday,33,8,August,3,Q3,2025
959,2025-08-16,16,Saturday,33,8,August,3,Q3,2025
960,2025-08-17,17,Sunday,33,8,August,3,Q3,2025
961,2025-08-18,18,Monday,34,8,August,3,Q3,2025
962,2025-08-19,19,Tuesday,34,8,August,3,Q3,2025
963,2025-08-20,20,Wednesday,34,8,August,3,Q3,2025
964,2025-08-21,21,Thursday,34,8,August,3,Q3,2025
965,2025-08-22,22,Friday,34,8,August,3,Q3,2025
966,2025-08-23,23,Saturday,34,8,August,3,Q3,2025
967,2025-08-24,24,Sunday,34,8,August,3,Q3,2025
968,2025-08-25,25,Monday,35,8,August,3,Q3,2025
969,2025-08-26,26,Tuesday,35,8,August,3,Q3,2025
970,2025-08-27,27,Wednesday,35,8,August,3,Q3,2025
971,2025-08-28,28,Thursday,35,8,August,3,Q3,2025
972,2025-08-29,29,Friday,35,8,August,3,Q3,2025
973,2025-08-30,30,Saturday,35,8,August,3,Q3,2025
974,2025-08-31,31,Sunday,35,8,August,3,Q3,2025
975,2025-09-01,1,Monday,36,9,September,3,Q3,2025
976,2025-09-02,2,Tuesday,36,9,September,3,Q3,2025
977,2025-09-03,3,Wednesday,36,9,September,3,Q3,2025
978,2025-09-04,4,Thursday,36,9,September,3,Q3,2025
979,2025-09-05,5,Friday,36,9,September,3,Q3,2025
980,2025-09-06,6,Saturday,36,9,September,3,Q3,2025
981,2025-09-07,7,Sunday,36,9,September,3,Q3,2025
982,2025-09-08,8,Monday,37,9,September,3,Q3,2025
983,2025-09-09,9,Tuesday,37,9,September,3,Q3,2025
984,2025-09-10,10,Wednesday,37,9,September,3,Q3,2025
985,2025-09-11,11,Thursday,37,9,September,3,Q3,2025
986,2025-09-12,12,Friday,37,9,September,3,Q3,2025
987,2025-09-13,13,Saturday,37,9,September,3,Q3,2025
988,2025-09-14,14,Sunday,37,9,September,3,Q3,2025
989,2025-09-15,15,Monday,38,9,September,3,Q3,2025
990,2025-09-16,16,Tuesday,38,9,September,3,Q3,2025
991,2025-09-17,17,Wednesday,38,9,September,3,Q3,2025
992,2025-09-18,18,Thursday,38,9,September,3,Q3,2025
993,2025-09-19,19,Friday,38,9,September,3,Q3,2025
994,2025-09-20,20,Saturday,38,9,September,3,Q3,2025
995,2025-09-21,21,Sunday,38,9,September,3,Q3,2025
996,2025-09-22,22,Monday,39,9,September,3,Q3,2025
997,2025-09-23,23,Tuesday,39,9,September,3,Q3,2025
998,2025-09-24,24,Wednesday,39,9,September,3,Q3,2025
999,2025-09-25,25,Thursday,39,9,September,3,Q3,2025
1000,2025-09-26,26,Friday,39,9,September,3,Q3,2025
1001,2025-09-27,27,Saturday,39,9,September,3,Q3,2025
1002,2025-09-28,28,Sunday,39,9,September,3,Q3,2025
1003,2025-09-29,29,Monday,40,9,September,3,Q3,2025
1004,2025-09-30,30,Tuesday,40,9,September,3,Q3,2025
1005,2025-10-01,1,Wednesday,40,10,October,4,Q4,2025
1006,2025-10-02,2,Thursday,40,10,October,4,Q4,2025
1007,2025-10-03,3,Friday,40,10,October,4,Q4,2025
1008,2025-10-04,4,Saturday,40,10,October,4,Q4,2025
1009,2025-10-05,5,Sunday,40,10,October,4,Q4,2025
1010,2025-10-06,6,Monday,41,10,October,4,Q4,2025
1011,2025-10-07,7,Tuesday,41,10,October,4,Q4,2025
1012,2025-10-08,8,Wednesday,41,10,October,4,Q4,2025
1013,2025-10-09,9,Thursday,41,10,October,4,Q4,2025
1014,2025-10-10,10,Friday,41,10,October,4,Q4,2025
1015,2025-10-11,11,Saturday,41,10,October,4,Q4,2025
1016,2025-10-12,12,Sunday,41,10,October,4,Q4,2025
1017,2025-10-13,13,Monday,42,10,October,4,Q4,2025
1018,2025-10-14,14,Tuesday,42,10,October,4,Q4,2025
1019,2025-10-15,15,Wednesday,42,10,October,4,Q4,2025
1020,2025-10-16,16,Thursday,42,10,October,4,Q4,2025
1021,2025-10-17,17,Friday,42,10,October,4,Q4,2025
1022,2025-10-18,18,Saturday,42,10,October,4,Q4,2025
1023,2025-10-19,19,Sunday,42,10,October,4,Q4,2025
1024,2025-10-20,20,Monday,43,10,October,4,Q4,2025
1025,2025-10-21,21,Tuesday,43,10,October,4,Q4,2025
1026,2025-10-22,22,Wednesday,43,10,October,4,Q4,2025
1027,2025-10-23,23,Thursday,43,10,October,4,Q4,2025
1028,2025-10-24,24,Friday,43,10,October,4,Q4,2025
1029,2025-10-25,25,Saturday,43,10,October,4,Q4,2025
1030,2025-10-26,26,Sunday,43,10,October,4,Q4,2025
1031,2025-10-27,27,Monday,44,10,October,4,Q4,2025
1032,2025-10-28,28,Tuesday,44,10,October,4,Q4,2025
1033,2025-10-29,29,Wednesday,44,10,October,4,Q4,2025
1034,2025-10-30,30,Thursday,44,10,October,4,Q4,2025
1035,2025-10-31,31,Friday,44,10,October,4,Q4,2025
1036,2025-11-01,1,Saturday,44,11,November,4,Q4,2025
1037,2025-11-02,2,Sunday,44,11,November,4,Q4,2025
1038,2025-11-03,3,Monday,45,11,November,4,Q4,2025
1039,2025-11-04,4,Tuesday,45,11,November,4,Q4,2025
1040,2025-11-05,5,Wednesday,45,11,November,4,Q4,2025
1041,2025-11-06,6,Thursday,45,11,November,4,Q4,2025
1042,2025-11-07,7,Friday,45,11,November,4,Q4,2025
1043,2025-11-08,8,Saturday,45,11,November,4,Q4,2025
1044,2025-11-09,9,Sunday,45,11,November,4,Q4,2025
1045,2025-11-10,10,Monday,46,11,November,4,Q4,2025
1046,2025-11-11,11,Tuesday,46,11,November,4,Q4,2025
1047,2025-11-12,12,Wednesday,46,11,November,4,Q4,2025
1048,2025-11-13,13,Thursday,46,11,November,4,Q4,2025
1049,2025-11-14,14,Friday,46,11,November,4,Q4,2025
1050,2025-11-15,15,Saturday,46,11,November,4,Q4,2025
1051,2025-11-16,16,Sunday,46,11,November,4,Q4,2025
1052,2025-11-17,17,Monday,47,11,November,4,Q4,2025
1053,2025-11-18,18,Tuesday,47,11,November,4,Q4,2025
1054,2025-11-19,19,Wednesday,47,11,November,4,Q4,2025
1055,2025-11-20,20,Thursday,47,11,November,4,Q4,2025
1056,2025-11-21,21,Friday,47,11,November,4,Q4,2025
1057,2025-11-22,22,Saturday,47,11,November,4,Q4,2025
1058,2025-11-23,23,Sunday,47,11,November,4,Q4,2025
1059,2025-11-24,24,Monday,48,11,November,4,Q4,2025
1060,2025-11-25,25,Tuesday,48,11,November,4,Q4,2025
1061,2025-11-26,26,Wednesday,48,11,November,4,Q4,2025
1062,2025-11-27,27,Thursday,48,11,November,4,Q4,2025
1063,2025-11-28,28,Friday,48,11,November,4,Q4,2025
1064,2025-11-29,29,Saturday,48,11,November,4,Q4,2025
1065,2025-11-30,30,Sunday,48,11,November,4,Q4,2025
1066,2025-12-01,1,Monday,49,12,December,4,Q4,2025
1067,2025-12-02,2,Tuesday,49,12,December,4,Q4,2025
1068,2025-12-03,3,Wednesday,49,12,December,4,Q4,2025
1069,2025-12-04,4,Thursday,49,12,December,4,Q4,2025
1070,2025-12-05,5,Friday,49,12,December,4,Q4,2025
1071,2025-12-06,6,Saturday,49,12,December,4,Q4,2025
1072,2025-12-07,7,Sunday,49,12,December,4,Q4,2025
1073,2025-12-08,8,Monday,50,12,December,4,Q4,2025
1074,2025-12-09,9,Tuesday,50,12,December,4,Q4,2025
1075,2025-12-10,10,Wednesday,50,12,December,4,Q4,2025
1076,2025-12-11,11,Thursday,50,12,December,4,Q4,2025
1077,2025-12-12,12,Friday,50,12,December,4,Q4,2025
1078,2025-12-13,13,Saturday,50,12,December,4,Q4,2025
1079,2025-12-14,14,Sunday,50,12,December,4,Q4,2025
1080,2025-12-15,15,Monday,51,12,December,4,Q4,2025
1081,2025-12-16,16,Tuesday,51,12,December,4,Q4,2025
1082,2025-12-17,17,Wednesday,51,12,December,4,Q4,2025
1083,2025-12-18,18,Thursday,51,12,December,4,Q4,2025
1084,2025-12-19,19,Friday,51,12,December,4,Q4,2025
1085,2025-12-20,20,Saturday,51,12,December,4,Q4,2025
1086,2025-12-21,21,Sunday,51,12,December,4,Q4,2025
1087,2025-12-22,22,Monday,52,12,December,4,Q4,2025
1088,2025-12-23,23,Tuesday,52,12,December,4,Q4,2025
1089,2025-12-24,24,Wednesday,52,12,December,4,Q4,2025
1090,2025-12-25,25,Thursday,52,12,December,4,Q4,2025
1091,2025-12-26,26,Friday,52,12,December,4,Q4,2025
1092,2025-12-27,27,Saturday,52,12,December,4,Q4,2025
1093,2025-12-28,28,Sunday,52,12,December,4,Q4,2025
1094,2025-12-29,29,Monday,1,12,December,4,Q4,2025
1095,2025-12-30,30,Tuesday,1,12,December,4,Q4,2025
1096,2025-12-31,31,Wednesday,1,12,December,4,Q4,2025
1097,2026-01-01,1,Thursday,1,1,January,1,Q1,2026
1098,2026-01-02,2,Friday,1,1,January,1,Q1,2026
1099,2026-01-03,3,Saturday,1,1,January,1,Q1,2026
1100,2026-01-04,4,Sunday,1,1,January,1,Q1,2026
1101,2026-01-05,5,Monday,2,1,January,1,Q1,2026
1102,2026-01-06,6,Tuesday,2,1,January,1,Q1,2026
1103,2026-01-07,7,Wednesday,2,1,January,1,Q1,2026
1104,2026-01-08,8,Thursday,2,1,January,1,Q1,2026
1105,2026-01-09,9,Friday,2,1,January,1,Q1,2026
1106,2026-01-10,10,Saturday,2,1,January,1,Q1,2026
1107,2026-01-11,11,Sunday,2,1,January,1,Q1,2026
1108,2026-01-12,12,Monday,3,1,January,1,Q1,2026
1109,2026-01-13,13,Tuesday,3,1,January,1,Q1,2026
1110,2026-01-14,14,Wednesday,3,1,January,1,Q1,2026
1111,2026-01-15,15,Thursday,3,1,January,1,Q1,2026
1112,2026-01-16,16,Friday,3,1,January,1,Q1,2026
1113,2026-01-17,17,Saturday,3,1,January,1,Q1,2026
1114,2026-01-18,18,Sunday,3,1,January,1,Q1,2026
1115,2026-01-19,19,Monday,4,1,January,1,Q1,2026
1116,2026-01-20,20,Tuesday,4,1,January,1,Q1,2026
1117,2026-01-21,21,Wednesday,4,1,January,1,Q1,2026
1118,2026-01-22,22,Thursday,4,1,January,1,Q1,2026
1119,2026-01-23,23,Friday,4,1,January,1,Q1,2026
1120,2026-01-24,24,Saturday,4,1,January,1,Q1,2026
1121,2026-01-25,25,Sunday,4,1,January,1,Q1,2026
1122,2026-01-26,26,Monday,5,1,January,1,Q1,2026
1123,2026-01-27,27,Tuesday,5,1,January,1,Q1,2026
1124,2026-01-28,28,Wednesday,5,1,January,1,Q1,2026
1125,2026-01-29,29,Thursday,5,1,January,1,Q1,2026
1126,2026-01-30,30,Friday,5,1,January,1,Q1,2026
1127,2026-01-31,31,Saturday,5,1,January,1,Q1,2026
1128,2026-02-01,1,Sunday,5,2,February,1,Q1,2026
1129,2026-02-02,2,Monday,6,2,February,1,Q1,2026
1130,2026-02-03,3,Tuesday,6,2,February,1,Q1,2026
1131,2026-02-04,4,Wednesday,6,2,February,1,Q1,2026
1132,2026-02-05,5,Thursday,6,2,February,1,Q1,2026
1133,2026-02-06,6,Friday,6,2,February,1,Q1,2026
1134,2026-02-07,7,Saturday,6,2,February,1,Q1,2026
1135,2026-02-08,8,Sunday,6,2,February,1,Q1,2026
1136,2026-02-09,9,Monday,7,2,February,1,Q1,2026
1137,2026-02-10,10,Tuesday,7,2,February,1,Q1,2026
1138,2026-02-11,11,Wednesday,7,2,February,1,Q1,2026
1139,2026-02-12,12,Thursday,7,2,February,1,Q1,2026
1140,2026-02-13,13,Friday,7,2,February,1,Q1,2026
1141,2026-02-14,14,Saturday,7,2,February,1,Q1,2026
1142,2026-02-15,15,Sunday,7,2,February,1,Q1,2026
1143,2026-02-16,16,Monday,8,2,February,1,Q1,2026
1144,2026-02-17,17,Tuesday,8,2,February,1,Q1,2026
1145,2026-02-18,18,Wednesday,8,2,February,1,Q1,2026
1146,2026-02-19,19,Thursday,8,2,February,1,Q1,2026
1147,2026-02-20,20,Friday,8,2,February,1,Q1,2026
1148,2026-02-21,21,Saturday,8,2,February,1,Q1,2026
1149,2026-02-22,22,Sunday,8,2,February,1,Q1,2026
1150,2026-02-23,23,Monday,9,2,February,1,Q1,2026
1151,2026-02-24,24,Tuesday,9,2,February,1,Q1,2026
1152,2026-02-25,25,Wednesday,9,2,February,1,Q1,2026
1153,2026-02-26,26,Thursday,9,2,February,1,Q1,2026
1154,2026-02-27,27,Friday,9,2,February,1,Q1,2026
1155,2026-02-28,28,Saturday,9,2,February,1,Q1,2026
1156,2026-03-01,1,Sunday,9,3,March,1,Q1,2026
1157,2026-03-02,2,Monday,10,3,March,1,Q1,2026
1158,2026-03-03,3,Tuesday,10,3,March,1,Q1,2026
1159,2026-03-04,4,Wednesday,10,3,March,1,Q1,2026
1160,2026-03-05,5,Thursday,10,3,March,1,Q1,2026
1161,2026-03-06,6,Friday,10,3,March,1,Q1,2026
1162,2026-03-07,7,Saturday,10,3,March,1,Q1,2026
1163,2026-03-08,8,Sunday,10,3,March,1,Q1,2026
1164,2026-03-09,9,Monday,11,3,March,1,Q1,2026
1165,2026-03-10,10,Tuesday,11,3,March,1,Q1,2026
1166,2026-03-11,11,Wednesday,11,3,March,1,Q1,2026
1167,2026-03-12,12,Thursday,11,3,March,1,Q1,2026
1168,2026-03-13,13,Friday,11,3,March,1,Q1,2026
1169,2026-03-14,14,Saturday,11,3,March,1,Q1,2026
1170,2026-03-15,15,Sunday,11,3,March,1,Q1,2026
1171,2026-03-16,16,Monday,12,3,March,1,Q1,2026
1172,2026-03-17,17,Tuesday,12,3,March,1,Q1,2026
1173,2026-03-18,18,Wednesday,12,3,March,1,Q1,2026
1174,2026-03-19,19,Thursday,12,3,March,1,Q1,2026
1175,2026-03-20,20,Friday,12,3,March,1,Q1,2026
1176,2026-03-21,21,Saturday,12,3,March,1,Q1,2026
1177,2026-03-22,22,Sunday,12,3,March,1,Q1,2026
1178,2026-03-23,23,Monday,13,3,March,1,Q1,2026
1179,2026-03-24,24,Tuesday,13,3,March,1,Q1,2026
1180,2026-03-25,25,Wednesday,13,3,March,1,Q1,2026
1181,2026-03-26,26,Thursday,13,3,March,1,Q1,2026
1182,2026-03-27,27,Friday,13,3,March,1,Q1,2026
1183,2026-03-28,28,Saturday,13,3,March,1,Q1,2026
1184,2026-03-29,29,Sunday,13,3,March,1,Q1,2026
1185,2026-03-30,30,Monday,14,3,March,1,Q1,2026
1186,2026-03-31,31,Tuesday,14,3,March,1,Q1,2026
1187,2026-04-01,1,Wednesday,14,4,April,2,Q2,2026
1188,2026-04-02,2,Thursday,14,4,April,2,Q2,2026
1189,2026-04-03,3,Friday,14,4,April,2,Q2,2026
1190,2026-04-04,4,Saturday,14,4,April,2,Q2,2026
1191,2026-04-05,5,Sunday,14,4,April,2,Q2,2026
1192,2026-04-06,6,Monday,15,4,April,2,Q2,2026
1193,2026-04-07,7,Tuesday,15,4,April,2,Q2,2026
1194,2026-04-08,8,Wednesday,15,4,April,2,Q2,2026
1195,2026-04-09,9,Thursday,15,4,April,2,Q2,2026
1196,2026-04-10,10,Friday,15,4,April,2,Q2,2026
1197,2026-04-11,11,Saturday,15,4,April,2,Q2,2026
1198,2026-04-12,12,Sunday,15,4,April,2,Q2,2026
1199,2026-04-13,13,Monday,16,4,April,2,Q2,2026
1200,2026-04-14,14,Tuesday,16,4,April,2,Q2,2026
1201,2026-04-15,15,Wednesday,16,4,April,2,Q2,2026
1202,2026-04-16,16,Thursday,16,4,April,2,Q2,2026
1203,2026-04-17,17,Friday,16,4,April,2,Q2,2026
1204,2026-04-18,18,Saturday,16,4,April,2,Q2,2026
1205,2026-04-19,19,Sunday,16,4,April,2,Q2,2026
1206,2026-04-20,20,Monday,17,4,April,2,Q2,2026
1207,2026-04-21,21,Tuesday,17,4,April,2,Q2,2026
1208,2026-04-22,22,Wednesday,17,4,April,2,Q2,2026
1209,2026-04-23,23,Thursday,17,4,April,2,Q2,2026
1210,2026-04-24,24,Friday,17,4,April,2,Q2,2026
1211,2026-04-25,25,Saturday,17,4,April,2,Q2,2026
1212,2026-04-26,26,Sunday,17,4,April,2,Q2,2026
1213,2026-04-27,27,Monday,18,4,April,2,Q2,2026
1214,2026-04-28,28,Tuesday,18,4,April,2,Q2,2026
1215,2026-04-29,29,Wednesday,18,4,April,2,Q2,2026
1216,2026-04-30,30,Thursday,18,4,April,2,Q2,2026
1217,2026-05-01,1,Friday,18,5,May,2,Q2,2026
1218,2026-05-02,2,Saturday,18,5,May,2,Q2,2026
1219,2026-05-03,3,Sunday,18,5,May,2,Q2,2026
1220,2026-05-04,4,Monday,19,5,May,2,Q2,2026
1221,2026-05-05,5,Tuesday,19,5,May,2,Q2,2026
1222,2026-05-06,6,Wednesday,19,5,May,2,Q2,2026
1223,2026-05-07,7,Thursday,19,5,May,2,Q2,2026
1224,2026-05-08,8,Friday,19,5,May,2,Q2,2026
1225,2026-05-09,9,Saturday,19,5,May,2,Q2,2026
1226,2026-05-10,10,Sunday,19,5,May,2,Q2,2026
1227,2026-05-11,11,Monday,20,5,May,2,Q2,2026
1228,2026-05-12,12,Tuesday,20,5,May,2,Q2,2026
1229,2026-05-13,13,Wednesday,20,5,May,2,Q2,2026
1230,2026-05-14,14,Thursday,20,5,May,2,Q2,2026
1231,2026-05-15,15,Friday,20,5,May,2,Q2,2026
1232,2026-05-16,16,Saturday,20,5,May,2,Q2,2026
1233,2026-05-17,17,Sunday,20,5,May,2,Q2,2026
1234,2026-05-18,18,Monday,21,5,May,2,Q2,2026
1235,2026-05-19,19,Tuesday,21,5,May,2,Q2,2026
1236,2026-05-20,20,Wednesday,21,5,May,2,Q2,2026
1237,2026-05-21,21,Thursday,21,5,May,2,Q2,2026
1238,2026-05-22,22,Friday,21,5,May,2,Q2,2026
1239,2026-05-23,23,Saturday,21,5,May,2,Q2,2026
1240,2026-05-24,24,Sunday,21,5,May,2,Q2,2026
1241,2026-05-25,25,Monday,22,5,May,2,Q2,2026
1242,2026-05-26,26,Tuesday,22,5,May,2,Q2,2026
1243,2026-05-27,27,Wednesday,22,5,May,2,Q2,2026
1244,2026-05-28,28,Thursday,22,5,May,2,Q2,2026
1245,2026-05-29,29,Friday,22,5,May,2,Q2,2026
1246,2026-05-30,30,Saturday,22,5,May,2,Q2,2026
1247,2026-05-31,31,Sunday,22,5,May,2,Q2,2026
1248,2026-06-01,1,Monday,23,6,June,2,Q2,2026
1249,2026-06-02,2,Tuesday,23,6,June,2,Q2,2026
1250,2026-06-03,3,Wednesday,23,6,June,2,Q2,2026
1251,2026-06-04,4,Thursday,23,6,June,2,Q2,2026
1252,2026-06-05,5,Friday,23,6,June,2,Q2,2026
1253,2026-06-06,6,Saturday,23,6,June,2,Q2,2026
1254,2026-06-07,7,Sunday,23,6,June,2,Q2,2026
1255,2026-06-08,8,Monday,24,6,June,2,Q2,2026
1256,2026-06-09,9,Tuesday,24,6,June,2,Q2,2026
1257,2026-06-10,10,Wednesday,24,6,June,2,Q2,2026
1258,2026-06-11,11,Thursday,24,6,June,2,Q2,2026
1259,2026-06-12,12,Friday,24,6,June,2,Q2,2026
1260,2026-06-13,13,Saturday,24,6,June,2,Q2,2026
1261,2026-06-14,14,Sunday,24,6,June,2,Q2,2026
1262,2026-06-15,15,Monday,25,6,June,2,Q2,2026
1263,2026-06-16,16,Tuesday,25,6,June,2,Q2,2026
1264,2026-06-17,17,Wednesday,25,6,June,2,Q2,2026
1265,2026-06-18,18,Thursday,25,6,June,2,Q2,2026
1266,2026-06-19,19,Friday,25,6,June,2,Q2,2026
1267,2026-06-20,20,Saturday,25,6,June,2,Q2,2026
1268,2026-06-21,21,Sunday,25,6,June,2,Q2,2026
1269,2026-06-22,22,Monday,26,6,June,2,Q2,2026
1270,2026-06-23,23,Tuesday,26,6,June,2,Q2,2026
1271,2026-06-24,24,Wednesday,26,6,June,2,Q2,2026
1272,2026-06-25,25,Thursday,26,6,June,2,Q2,2026
1273,2026-06-26,26,Friday,26,6,June,2,Q2,2026
1274,2026-06-27,27,Saturday,26,6,June,2,Q2,2026
1275,2026-06-28,28,Sunday,26,6,June,2,Q2,2026
1276,2026-06-29,29,Monday,27,6,June,2,Q2,2026
1277,2026-06-30,30,Tuesday,27,6,June,2,Q2,2026
1278,2026-07-01,1,Wednesday,27,7,July,3,Q3,2026
1279,2026-07-02,2,Thursday,27,7,July,3,Q3,2026
1280,2026-07-03,3,Friday,27,7,July,3,Q3,2026
1281,2026-07-04,4,Saturday,27,7,July,3,Q3,2026
1282,2026-07-05,5,Sunday,27,7,July,3,Q3,2026
1283,2026-07-06,6,Monday,28,7,July,3,Q3,2026
1284,2026-07-07,7,Tuesday,28,7,July,3,Q3,2026
1285,2026-07-08,8,Wednesday,28,7,July,3,Q3,2026
1286,2026-07-09,9,Thursday,28,7,July,3,Q3,2026
1287,2026-07-10,10,Friday,28,7,July,3,Q3,2026
1288,2026-07-11,11,Saturday,28,7,July,3,Q3,2026
1289,2026-07-12,12,Sunday,28,7,July,3,Q3,2026
1290,2026-07-13,13,Monday,29,7,July,3,Q3,2026
1291,2026-07-14,14,Tuesday,29,7,July,3,Q3,2026
1292,2026-07-15,15,Wednesday,29,7,July,3,Q3,2026
1293,2026-07-16,16,Thursday,29,7,July,3,Q3,2026
1294,2026-07-17,17,Friday,29,7,July,3,Q3,2026
1295,2026-07-18,18,Saturday,29,7,July,3,Q3,2026
1296,2026-07-19,19,Sunday,29,7,July,3,Q3,2026
1297,2026-07-20,20,Monday,30,7,July,3,Q3,2026
1298,2026-07-21,21,Tuesday,30,7,July,3,Q3,2026
1299,2026-07-22,22,Wednesday,30,7,July,3,Q3,2026
1300,2026-07-23,23,Thursday,30,7,July,3,Q3,2026
1301,2026-07-24,24,Friday,30,7,July,3,Q3,2026
1302,2026-07-25,25,Saturday,30,7,July,3,Q3,2026
1303,2026-07-26,26,Sunday,30,7,July,3,Q3,2026
1304,2026-07-27,27,Monday,31,7,July,3,Q3,2026
1305,2026-07-28,28,Tuesday,31,7,July,3,Q3,2026
1306,2026-07-29,29,Wednesday,31,7,July,3,Q3,2026
1307,2026-07-30,30,Thursday,31,7,July,3,Q3,2026
1308,2026-07-31,31,Friday,31,7,July,3,Q3,2026
1309,2026-08-01,1,Saturday,31,8,August,3,Q3,2026
1310,2026-08-02,2,Sunday,31,8,August,3,Q3,2026
1311,2026-08-03,3,Monday,32,8,August,3,Q3,2026
1312,2026-08-04,4,Tuesday,32,8,August,3,Q3,2026
1313,2026-08-05,5,Wednesday,32,8,August,3,Q3,2026
1314,2026-08-06,6,Thursday,32,8,August,3,Q3,2026
1315,2026-08-07,7,Friday,32,8,August,3,Q3,2026
1316,2026-08-08,8,Saturday,32,8,August,3,Q3,2026
1317,2026-08-09,9,Sunday,32,8,August,3,Q3,2026
1318,2026-08-10,10,Monday,33,8,August,3,Q3,2026
1319,2026-08-11,11,Tuesday,33,8,August,3,Q3,2026
1320,2026-08-12,12,Wednesday,33,8,August,3,Q3,2026
1321,2026-08-13,13,Thursday,33,8,August,3,Q3,2026
1322,2026-08-14,14,Friday,33,8,August,3,Q3,2026
1323,2026-08-15,15,Saturday,33,8,August,3,Q3,2026
1324,2026-08-16,16,Sunday,33,8,August,3,Q3,2026
1325,2026-08-17,17,Monday,34,8,August,3,Q3,2026
1326,2026-08-18,18,Tuesday,34,8,August,3,Q3,2026
1327,2026-08-19,19,Wednesday,34,8,August,3,Q3,2026
1328,2026-08-20,20,Thursday,34,8,August,3,Q3,2026
1329,2026-08-21,21,Friday,34,8,August,3,Q3,2026
1330,2026-08-22,22,Saturday,34,8,August,3,Q3,2026
1331,2026-08-23,23,Sunday,34,8,August,3,Q3,2026
1332,2026-08-24,24,Monday,35,8,August,3,Q3,2026
1333,2026-08-25,25,Tuesday,35,8,August,3,Q3,2026
1334,2026-08-26,26,Wednesday,35,8,August,3,Q3,2026
1335,2026-08-27,27,Thursday,35,8,August,3,Q3,2026
1336,2026-08-28,28,Friday,35,8,August,3,Q3,2026
1337,2026-08-29,29,Saturday,35,8,August,3,Q3,2026
1338,2026-08-30,30,Sunday,35,8,August,3,Q3,2026
1339,2026-08-31,31,Monday,36,8,August,3,Q3,2026
1340,2026-09-01,1,Tuesday,36,9,September,3,Q3,2026
1341,2026-09-02,2,Wednesday,36,9,September,3,Q3,2026
1342,2026-09-03,3,Thursday,36,9,September,3,Q3,2026
1343,2026-09-04,4,Friday,36,9,September,3,Q3,2026
1344,2026-09-05,5,Saturday,36,9,September,3,Q3,2026
1345,2026-09-06,6,Sunday,36,9,September,3,Q3,2026
1346,2026-09-07,7,Monday,37,9,September,3,Q3,2026
1347,2026-09-08,8,Tuesday,37,9,September,3,Q3,2026
1348,2026-09-09,9,Wednesday,37,9,September,3,Q3,2026
1349,2026-09-10,10,Thursday,37,9,September,3,Q3,2026
1350,2026-09-11,11,Friday,37,9,September,3,Q3,2026
1351,2026-09-12,12,Saturday,37,9,September,3,Q3,2026
1352,2026-09-13,13,Sunday,37,9,September,3,Q3,2026
1353,2026-09-14,14,Monday,38,9,September,3,Q3,2026
1354,2026-09-15,15,Tuesday,38,9,September,3,Q3,2026
1355,2026-09-16,16,Wednesday,38,9,September,3,Q3,2026
1356,2026-09-17,17,Thursday,38,9,September,3,Q3,2026
1357,2026-09-18,18,Friday,38,9,September,3,Q3,2026
1358,2026-09-19,19,Saturday,38,9,September,3,Q3,2026
1359,2026-09-20,20,Sunday,38,9,September,3,Q3,2026
1360,2026-09-21,21,Monday,39,9,September,3,Q3,2026
1361,2026-09-22,22,Tuesday,39,9,September,3,Q3,2026
1362,2026-09-23,23,Wednesday,39,9,September,3,Q3,2026
1363,2026-09-24,24,Thursday,39,9,September,3,Q3,2026
1364,2026-09-25,25,Friday,39,9,September,3,Q3,2026
1365,2026-09-26,26,Saturday,39,9,September,3,Q3,2026
1366,2026-09-27,27,Sunday,39,9,September,3,Q3,2026
1367,2026-09-28,28,Monday,40,9,September,3,Q3,2026
1368,2026-09-29,29,Tuesday,40,9,September,3,Q3,2026
1369,2026-09-30,30,Wednesday,40,9,September,3,Q3,2026
1370,2026-10-01,1,Thursday,40,10,October,4,Q4,2026
1371,2026-10-02,2,Friday,40,10,October,4,Q4,2026
1372,2026-10-03,3,Saturday,40,10,October,4,Q4,2026
1373,2026-10-04,4,Sunday,40,10,October,4,Q4,2026
1374,2026-10-05,5,Monday,41,10,October,4,Q4,2026
1375,2026-10-06,6,Tuesday,41,10,October,4,Q4,2026
1376,2026-10-07,7,Wednesday,41,10,October,4,Q4,2026
1377,2026-10-08,8,Thursday,41,10,October,4,Q4,2026
1378,2026-10-09,9,Friday,41,10,October,4,Q4,2026
1379,2026-10-10,10,Saturday,41,10,October,4,Q4,2026
1380,2026-10-11,11,Sunday,41,10,October,4,Q4,2026
1381,2026-10-12,12,Monday,42,10,October,4,Q4,2026
1382,2026-10-13,13,Tuesday,42,10,October,4,Q4,2026
1383,2026-10-14,14,Wednesday,42,10,October,4,Q4,2026
1384,2026-10-15,15,Thursday,42,10,October,4,Q4,2026
1385,2026-10-16,16,Friday,42,10,October,4,Q4,2026
1386,2026-10-17,17,Saturday,42,10,October,4,Q4,2026
1387,2026-10-18,18,Sunday,42,10,October,4,Q4,2026
1388,2026-10-19,19,Monday,43,10,October,4,Q4,2026
1389,2026-10-20,20,Tuesday,43,10,October,4,Q4,2026
1390,2026-10-21,21,Wednesday,43,10,October,4,Q4,2026
1391,2026-10-22,22,Thursday,43,10,October,4,Q4,2026
1392,2026-10-23,23,Friday,43,10,October,4,Q4,2026
1393,2026-10-24,24,Saturday,43,10,October,4,Q4,2026
1394,2026-10-25,25,Sunday,43,10,October,4,Q4,2026
1395,2026-10-26,26,Monday,44,10,October,4,Q4,2026
1396,2026-10-27,27,Tuesday,44,10,October,4,Q4,2026
1397,2026-10-28,28,Wednesday,44,10,October,4,Q4,2026
1398,2026-10-29,29,Thursday,44,10,October,4,Q4,2026
1399,2026-10-30,30,Friday,44,10,October,4,Q4,2026
1400,2026-10-31,31,Saturday,44,10,October,4,Q4,2026
1401,2026-11-01,1,Sunday,44,11,November,4,Q4,2026
1402,2026-11-02,2,Monday,45,11,November,4,Q4,2026
1403,2026-11-03,3,Tuesday,45,11,November,4,Q4,2026
1404,2026-11-04,4,Wednesday,45,11,November,4,Q4,2026
1405,2026-11-05,5,Thursday,45,11,November,4,Q4,2026
1406,2026-11-06,6,Friday,45,11,November,4,Q4,2026
1407,2026-11-07,7,Saturday,45,11,November,4,Q4,2026
1408,2026-11-08,8,Sunday,45,11,November,4,Q4,2026
1409,2026-11-09,9,Monday,46,11,November,4,Q4,2026
1410,2026-11-10,10,Tuesday,46,11,November,4,Q4,2026
1411,2026-11-11,11,Wednesday,46,11,November,4,Q4,2026
1412,2026-11-12,12,Thursday,46,11,November,4,Q4,2026
1413,2026-11-13,13,Friday,46,11,November,4,Q4,2026
1414,2026-11-14,14,Saturday,46,11,November,4,Q4,2026
1415,2026-11-15,15,Sunday,46,11,November,4,Q4,2026
1416,2026-11-16,16,Monday,47,11,November,4,Q4,2026
1417,2026-11-17,17,Tuesday,47,11,November,4,Q4,2026
1418,2026-11-18,18,Wednesday,47,11,November,4,Q4,2026
1419,2026-11-19,19,Thursday,47,11,November,4,Q4,2026
1420,2026-11-20,20,Friday,47,11,November,4,Q4,2026
1421,2026-11-21,21,Saturday,47,11,November,4,Q4,2026
1422,2026-11-22,22,Sunday,47,11,November,4,Q4,2026
1423,2026-11-23,23,Monday,48,11,November,4,Q4,2026
1424,2026-11-24,24,Tuesday,48,11,November,4,Q4,2026
1425,2026-11-25,25,Wednesday,48,11,November,4,Q4,2026
1426,2026-11-26,26,Thursday,48,11,November,4,Q4,2026
1427,2026-11-27,27,Friday,48,11,November,4,Q4,2026
1428,2026-11-28,28,Saturday,48,11,November,4,Q4,2026
1429,2026-11-29,29,Sunday,48,11,November,4,Q4,2026
1430,2026-11-30,30,Monday,49,11,November,4,Q4,2026
1431,2026-12-01,1,Tuesday,49,12,December,4,Q4,2026
1432,2026-12-02,2,Wednesday,49,12,December,4,Q4,2026
1433,2026-12-03,3,Thursday,49,12,December,4,Q4,2026
1434,2026-12-04,4,Friday,49,12,December,4,Q4,2026
1435,2026-12-05,5,Saturday,49,12,December,4,Q4,2026
1436,2026-12-06,6,Sunday,49,12,December,4,Q4,2026
1437,2026-12-07,7,Monday,50,12,December,4,Q4,2026
1438,2026-12-08,8,Tuesday,50,12,December,4,Q4,2026
1439,2026-12-09,9,Wednesday,50,12,December,4,Q4,2026
1440,2026-12-10,10,Thursday,50,12,December,4,Q4,2026
1441,2026-12-11,11,Friday,50,12,December,4,Q4,2026
1442,2026-12-12,12,Saturday,50,12,December,4,Q4,2026
1443,2026-12-13,13,Sunday,50,12,December,4,Q4,2026
1444,2026-12-14,14,Monday,51,12,December,4,Q4,2026
1445,2026-12-15,15,Tuesday,51,12,December,4,Q4,2026
1446,2026-12-16,16,Wednesday,51,12,December,4,Q4,2026
1447,2026-12-17,17,Thursday,51,12,December,4,Q4,2026
1448,2026-12-18,18,Friday,51,12,December,4,Q4,2026
1449,2026-12-19,19,Saturday,51,12,December,4,Q4,2026
1450,2026-12-20,20,Sunday,51,12,December,4,Q4,2026
1451,2026-12-21,21,Monday,52,12,December,4,Q4,2026
1452,2026-12-22,22,Tuesday,52,12,December,4,Q4,2026
1453,2026-12-23,23,Wednesday,52,12,December,4,Q4,2026
1454,2026-12-24,24,Thursday,52,12,December,4,Q4,2026
1455,2026-12-25,25,Friday,52,12,December,4,Q4,2026
1456,2026-12-26,26,Saturday,52,12,December,4,Q4,2026
1457,2026-12-27,27,Sunday,52,12,December,4,Q4,2026
1458,2026-12-28,28,Monday,53,12,December,4,Q4,2026
1459,2026-12-29,29,Tuesday,53,12,December,4,Q4,2026
1460,2026-12-30,30,Wednesday,53,12,December,4,Q4,2026
1461,2026-12-31,31,Thursday,53,12,December,4,Q4,2026
